fieldName,label,dataType,defaultValue,placeholder,inputHint
poNumber,PO number,String,,,
entityDapDbnDtvDttDnsDbsTelecard,Entity (DAP/DBN/DTV/DTT/DNS/DBS/Telecard/Hone),String,,,
paymentModePoSetOff,Payment mode (PO/ Set-off),String,,,
paymentTypeInvoiceDebitNoteCreditNote,Payment type (Invoice/debit note/credit note),String,,,
paymentCategoryLocalForeign,Payment category (Local/ Foreign),String,,,
beneficiaryName,Beneficiary name,String,,,
financeOfficer,Finance officer,String,,,
requesterInfomatePoCreationTeamMember,Requester (Infomate PO creation team member),String,,,
userDivisionRepresentative,User division representative,String,,,
poCreator,PO Creator,String,,,
invoiceNumber,Invoice Number,String,,,
invoiceAmount,Invoice amount,Decimal,,,Amount
sesReference,SES reference,String,,,
currency,Currency,String,,,
additionalRemarks,Additional remarks,String,,,
paymentMethodChequeBankDraftFundTransfer,Payment method (Cheque/ Bank Draft/ Fund Transfer),String,,,
whtCerficateReferenceOnlyApplicableForForeignPayments,WHT cerficate reference (only applicable for foreign payments),String,,,
supportingDocumentsInvoiceDebitNoteCreditNoteUac,Supporting Documents - (Invoice/debit note/credit note/ UAC for FTK service),Attachment/Text,,,DocumentReference
paymentModePoAdvancePoAdvanceSettlementFtk,Payment mode (PO Advance/ PO Advance settlement / FTK Duty Reimbursement),String,,,
performaInvoiceNumberSettlementInvoiceNumberDebitNote,Performa Invoice Number / Settlement Invoice number/ Debit note number,String,,,
requestingAmountSettlingAmount,Requesting amount/Settling amount,Decimal,,,Amount
supportingDocumentsPoInvoiceBankStatementCusdecAssessment,"Supporting Documents (PO/Invoice/Bank statement/ Cusdec , assessment notice , commercial invoice for FTK duty reimbursements )",Attachment/Text,,,DocumentReference
paymentModePoAdvancePoAdvanceSettlement,Payment mode (PO Advance/ PO Advance settlement),String,,,
performaInvoiceNumberSettlementInvoiceNumber,Performa Invoice Number / Settlement Invoice number,String,,,
supportingDocumentsPoInvoiceBankStatement,Supporting Documents (PO/Invoice/Bank statement),Attachment/Text,,,DocumentReference
paymentModePo,Payment mode (PO),String,,,
relevantCreditNoteNumber,Relevant credit note number,String,,,
paymentMethodChequeNonCheque,Payment method (Cheque/ Non-cheque),String,,,
supportingDocumentsInvoiceDebitNoteCreditNote,Supporting Documents - (Invoice/debit note/credit note),Attachment/Text,,,DocumentReference
setNumber,Set number,String,,,
poCurrency,PO Currency,String,,,
entity,Entity,String,,,
ciNumber,CI Number,String,,,
ciCurrency,CI Currency,String,,,
ciTypeSwHw,CI Type (SW / HW),String,,,
poContributionFromCommercialInvoice,PO Contribution from Commercial Invoice,String,,,
poNumberPoLineItems,PO Number (PO Line items),String,,,
poValue,PO Value,Decimal,,,Amount
sesNumber,SES Number,String,,,
sesValue,SES Value,Decimal,,,Amount
paymentTerm,Payment term,String,,,
uacValue,UAC Value,Decimal,,,Amount
commercialInvoiceNumberS,Commercial Invoice Number/s,String,,,
commercialInvoiceValue,Commercial Invoice Value,Decimal,,,Amount
uacContributionOnCommercialInvoice,UAC contribution on Commercial Invoice,String,,,
paymentDueDate,Payment Due Date,Date,,,Date
currencyInvoiceAndUac,Currency (Invoice & UAC),String,,,
verificationExcel,Verification Excel,Attachment/Text,,,DocumentReference
entityDapDbn,Entity (DAP/DBN),String,,,
invoiceAcceptanceConfrimation,Invoice Acceptance Confrimation,String,,,
paymentTypeFtkFactoringFtkNonFactoring,Payment type (FTK Factoring / FTK Non Factoring),String,,,
paymentCategoryLocalForeign2,Payment category ( Local/ Foreign),String,,,
paymentClassificationHardwareSoftware,Payment classification ( Hardware/ Software),String,,,
requesterVendor,Requester (Vendor),String,,,
paymentMethodDaTt,Payment method (DA/ TT),String,,,
supportingDocumentsCommercialInvoiceUacUacCoverExcel,Supporting Documents - (Commercial Invoice/UAC / UAC Cover/ Excel),Attachment/Text,,,DocumentReference
siteName,Site Name,String,,,
siteId,Site ID,String,,,
uacReceivedDate,UAC received Date,Date,,,Date
bank,Bank,String,,,
bankReferenceDaReferenceOnlyForHw,Bank Reference ( DA Reference) (Only for HW),String,,,
nAIdealIfThisCanBeAuto,N/A (Ideal if this can be auto generated via WH comparing the liabilities against the payments debited as per bank statement),Attachment/Text,,,DocumentReference
sameAsFtkFactoring,Same as FTK Factoring,String,,,
creditCardHolderName,Credit card holder name,String,,,
creditCardNumber,Credit card number,String,,,
creditCardIssuingBank,Credit card issuing bank,String,,,
tableWithSubjectVendorNameDescriptionPoNumber,"Table with Subject, vendor name, description, PO number, SES, Forex value, LKR value, payment date, Annual Fee ,Late payment Fee, Stamp duty, Interest charges & Other payments debited)",Date,,,Amount
supportingDocumentsCreditCardStatmentInvoicesEtc,"Supporting documents (Credit card statment, Invoices etc.)",Attachment/Text,,,DocumentReference
entityDap,Entity (DAP),String,,,
requester,Requester,String,,,
paymentApprovalMailsUdApprovalShouldBeIncorporated,Payment approval mails (UD approval should be incorporated to the WF),Attachment/Text,,,Email/ApprovalReference
merchantFilesExcelSheets,Merchant files- Excel Sheets,Attachment/Text,,,DocumentReference
customerNameAndSapCode,Customer name & SAP Code,String,,,
billingPeriod,Billing period,Date,,,
invoiceDate,Invoice date,Date,,,Date
amount,Amount,Decimal,,,Amount
supportingDocumentsInvoiceVarianceStatusReportDetailSummary,Supporting Documents ( Invoice / Variance status report / Detail summary report ),Attachment/Text,,,DocumentReference
paymentModeInterConnection,Payment mode (Inter-connection),String,,,
requesterGroupCreditOperationsTeam,Requester (Group credit operations team),String,,,
paymentMethodTt,Payment method (TT),String,,,
whtCerficateReference,WHT cerficate reference,String,,,
supportingDocumentsMemoInvoiceDebitNoteCreditNote,Supporting Documents - (Memo/Invoice/debit note/credit note),Attachment/Text,,,DocumentReference
approvalEmailWithDulyFiledWinscpFormatsFor,Approval Email with duly filed WinSCP formats for Less than 100k / More than 100k/Ideamart BRC/ Retention,Attachment/Text,,,Email/ApprovalReference
approvalEmailWithDulyFiledWinscpFormatsFor2,Approval Email with duly filed WinSCP formats for Less than 100k / More than 100k/Retention,Attachment/Text,,,Email/ApprovalReference
vendorName,Vendor name,String,,,
sapVendorCode,SAP Vendor code,String,,,
supportingDocumentsInvoiceWorkingSheetEtc,"Supporting documents (Invoice , Working sheet etc.)",Attachment/Text,,,DocumentReference
dap,DAP,String,,,
approvalEmailWithDulyFiledBotUploadingFormats,Approval Email with duly filed BOT Uploading formats,Attachment/Text,,,Email/ApprovalReference
dbn,DBN,String,,,
dtv,DTV,String,,,
at,AT,String,,,
realizationConfirmationDebitGlCreditGlInThe,"Realization confirmation , Debit GL , Credit GL in the event if the credit entry goes to a GL instead of vendor account (Ex. Laptop buy back) (To be obtained from Bank rec. team via workflow)",String,,,
vendorOrCustomerCode,Vendor or customer code,String,,,
supportingDocumentsExcelTableWithTheDetailsOf,Supporting documents (Excel table with the details of total and document number),Decimal,,,DocumentReference
entityDapDbnDtvDdtDnsDbsTelecard,Entity (DAP/DBN/DTV/DDT/DNS/DBS/Telecard),String,,,
taxType,TAX type,String,,,
period,Period,Date,,,
glCode,GL Code,String,,,
profitCenter,Profit center,String,,,
udApprovalShouldBeIncorporatedToTheWf,(UD approval should be incorporated to the WF),Attachment/Text,,,
supportingDocumentsMemoWithApproval,Supporting Documents ( Memo with approval),Attachment/Text,,,DocumentReference
entityDapDbnDtvHOne,Entity (DAP/DBN/DTV/H-ONE),String,,,
memoDate,Memo date,Date,,,Date
approvals,Approvals,Attachment/Text,,,
glCodeAndProfitCenter,GL Code & profit center,String,,,
tinNumbers,TIN numbers,String,,,
dinNumbers,DIN numbers,String,,,
entityDapDbnDtvDdt,Entity (DAP | DBN | DTV | DDT),String,,,
budgetCode,Budget code,String,,,
totalAmount,Total amount,Decimal,,,Amount
approvalFromRimazHassanForBelow1Mn,Approval from Rimaz Hassan for below 1 Mn. and Munesh David for above 1 Mn. (UD approval should be incorporated to the WF),Attachment/Text,,,
supportingDocumentAdvanceRequestFormCommercialProformaInvoice,"Supporting document (Advance request form, Commercial / Proforma Invoice)",Attachment/Text,,,DocumentReference
taxInvoice,Tax Invoice,String,,,
poNumberBudgetCode,PO Number / Budget code,String,,,
supportingDocumentAdvanceRequestFormCommercialProformaInvoice2,"Supporting document (Advance request form, Commercial / Proforma Invoice , Paying in Voucher)",Attachment/Text,,,DocumentReference
totalAmountAndVatAmountSeparately,Total amount and VAT amount separately,Decimal,,,Amount
supportingDocumentCommercialProformaInvoiceAssessmentNoticeCusdec,"Supporting document (Commercial / Proforma Invoice , Assessment Notice ,Cusdec)",Attachment/Text,,,DocumentReference
advanceClearanceReportConfirmingTheGrnStatusFrom,Advance clearance report confirming the GRN status (From GRIR Team),String,,,
supportingDocumentsMemoBgFormatIfThereIs,"Supporting documents (Memo , BG format if there is a specific format specified by the beneficiary)",Attachment/Text,,,DocumentReference
beneficiaryNameAndAddress,Beneficiary name and address,String,,,
amountAndCurrency,Amount and currency,Decimal,,,Amount
bgPurpose,BG purpose,String,,,
bgReference,BG Reference,String,,,
commencingDateAndEndingDate,Commencing date and ending date,Date,,,Date
bgTypeBidbondAdvanceGuaranteePerformanceGuaranteeNon,"BG type (Bidbond/Advance guarantee, Performance Guarantee, Non financial guarantee)",String,,,
approvalUdApprovalToBeIncorporatedToWh,Approval (UD approval to be incorporated to WH workflow),Attachment/Text,,,
ifAThirdPartyIsInvolvedNameAnd,"If a third party is involved, name & address of the third party",String,,,
remarks,Remarks,String,,,
entityDap2,Entity(DAP),String,,,
supportingDocumentMemoDebitNoteCreditNote,"Supporting document (Memo , Debit note/Credit note)",Attachment/Text,,,DocumentReference
customerOperatorNameAndCustomerCode,Customer(Operator) name & Customer code,String,,,
operatorPlmnCode,Operator PLMN code,String,,,
operatorAddress,Operator address,String,,,
discountedPeriod,Discounted period,Date,,,
paymentModeRoaming,Payment mode (Roaming),String,,,
sapDocumentNumber,SAP document number,String,,,
supportingDocumentsInvoice,Supporting documents (Invoice),Attachment/Text,,,DocumentReference
zeroivRequestEmail,ZEROIV request / Email,Attachment/Text,,,Email/ApprovalReference
zeroIvExcelSheet,ZERO IV Excel Sheet,Attachment/Text,,,DocumentReference
userName,User Name,String,,,
gLAcct,G/L Acct,String,,,
documentNo,Document No,String,,,
type,Type,String,,,
docDate,Doc. Date,Date,,,Date
postingDate,Posting Date,Date,,,Date
item,Item,String,,,
amountInLocalCrcy,Amount in Local Crcy,Decimal,,,Amount
amountInDocCurr,Amount in Doc. Curr.,Decimal,,,Amount
text,Text,String,,,
vendor,Vendor,String,,,
excel,Excel,Attachment/Text,,,DocumentReference
approval,Approval,Attachment/Text,,,
ramisSchedule,Ramis schedule,String,,,
similarToPoAdvance,Similar to PO Advance,String,,,
supportingDocumentsInvoicePaymentAcknowledgementMemoFundTransfer,"Supporting documents (Invoice , Payment Acknowledgement , Memo, Fund transfer confirmation)",Attachment/Text,,,DocumentReference
paymentCategoryRentSupRefDep,Payment Category (Rent /Sup:/ Ref Dep),String,,,
tableIncludingSeperateValuesForRentSupervisionRefundable,"Table including seperate values for Rent, Supervision, Refundable deposit and OFN reference",Decimal,,,Amount
wbsElementApplicableForSupervisionCharges,WBS Element (Applicable for supervision charges),String,,,
costCenterApplicableOnlyForRent,Cost Center (Applicable only for rent),String,,,
paymentApprovalMailsUdApprovalShouldBeIncorporated2,"Payment approval mails (UD approval should be incorporated to the WF - Since operational float ownership is with Saleem & Nalin M. , these requests have to be approved by Ruchira Yasarathna)",Attachment/Text,,,Email/ApprovalReference
ctmFormWithApproval,CTM form with approval,Attachment/Text,,,
checkPeridiumReimbursementFormWithApproval,Check Peridium- Reimbursement form with approval,Attachment/Text,,,
