code,description,name,descr,isActive
opDown-196,description-196,name-196,descr-196,true
opDown-197,description-197,name-197,descr-197,true
opDown-198,description-198,name-198,descr-198,true
opDown-199,description-199,name-199,descr-199,true
opDown-200,description-200,name-200,descr-200,true
opDown-201,description-201,name-201,descr-201,true
opDown-202,description-202,name-202,descr-202,true
opDown-203,description-203,name-203,descr-203,true
opDown-204,description-204,name-204,descr-204,true
opDown-205,description-205,name-205,descr-205,true
opDown-206,description-206,name-206,descr-206,true
opDown-207,description-207,name-207,descr-207,true
opDown-208,description-208,name-208,descr-208,true
opDown-209,description-209,name-209,descr-209,true
opDown-210,description-210,name-210,descr-210,true
opDown-211,description-211,name-211,descr-211,true
opDown-212,description-212,name-212,descr-212,true
opDown-213,description-213,name-213,descr-213,true
opDown-214,description-214,name-214,descr-214,true
opDown-215,description-215,name-215,descr-215,true
opDown-216,description-216,name-216,descr-216,true
opDown-217,description-217,name-217,descr-217,true
opDown-218,description-218,name-218,descr-218,true
opDown-219,description-219,name-219,descr-219,true
opDown-220,description-220,name-220,descr-220,true
opDown-221,description-221,name-221,descr-221,true
opDown-222,description-222,name-222,descr-222,true
opDown-223,description-223,name-223,descr-223,true
opDown-224,description-224,name-224,descr-224,true
opDown-225,description-225,name-225,descr-225,true
opDown-226,description-226,name-226,descr-226,true
opDown-227,description-227,name-227,descr-227,true
opDown-228,description-228,name-228,descr-228,true
opDown-229,description-229,name-229,descr-229,true
opDown-230,description-230,name-230,descr-230,true
opDown-231,description-231,name-231,descr-231,true
opDown-232,description-232,name-232,descr-232,true
opDown-233,description-233,name-233,descr-233,true
opDown-234,description-234,name-234,descr-234,true
opDown-235,description-235,name-235,descr-235,true
