ID,createdAt,createdBy,modifiedAt,modifiedBy
24701485-5f3e-40df-805a-1dafd9796a1c,2019-08-22T18:00:00.000Z,createdBy.epfsd@example.org,2016-08-18T18:00:00.000Z,modifiedBy.epfsd@example.com
24701486-db2d-4733-a7ab-5a6822513514,2002-11-08T18:00:00.000Z,createdBy.epfse@example.com,2012-08-08T18:00:00.000Z,modifiedBy.epfse@example.org
24701487-f6fd-4876-bbd6-5a822b730cb6,2000-09-11T18:00:00.000Z,createdBy.epfsf@example.net,2014-11-28T18:00:00.000Z,modifiedBy.epfsf@example.org
24701488-f67a-44d0-81fc-482032b59379,2018-10-11T18:00:00.000Z,createdBy.epfsg@example.com,2009-05-18T18:00:00.000Z,modifiedBy.epfsg@example.net
24701489-aae3-4a1c-8aae-f3d0d24b8e02,2023-11-24T18:00:00.000Z,createdBy.epfsh@example.org,2018-01-25T18:00:00.000Z,modifiedBy.epfsh@example.net
24701490-e26a-4536-b528-c948692571b6,2010-03-07T18:00:00.000Z,createdBy.epfsi@example.net,2003-07-26T18:00:00.000Z,modifiedBy.epfsi@example.org
24701491-1d2d-45d0-83c6-5fc17d25283a,2020-01-27T18:00:00.000Z,createdBy.epfsj@example.org,2019-03-31T18:00:00.000Z,modifiedBy.epfsj@example.com
24701492-8610-4766-806c-e2b0ba92fb36,2000-02-20T18:00:00.000Z,createdBy.epfsk@example.net,2018-08-18T18:00:00.000Z,modifiedBy.epfsk@example.net
24701493-530b-4f02-a9fc-601e0a96f443,2022-06-12T18:00:00.000Z,createdBy.epfsl@example.net,2017-12-04T18:00:00.000Z,modifiedBy.epfsl@example.net
24701494-9a96-4f71-8659-28bd975d376c,2018-01-21T18:00:00.000Z,createdBy.epfsm@example.org,2017-07-10T18:00:00.000Z,modifiedBy.epfsm@example.com
24701495-5f49-4ee3-abc8-8e2c1899c2b0,2004-01-23T18:00:00.000Z,createdBy.epfsn@example.org,2022-06-04T18:00:00.000Z,modifiedBy.epfsn@example.org
24701496-d3c2-4742-be80-a7cb06acc165,2019-06-15T18:00:00.000Z,createdBy.epfso@example.com,2016-04-01T18:00:00.000Z,modifiedBy.epfso@example.com
24701497-7b27-471b-bedb-d3c797bb973a,2005-02-03T18:00:00.000Z,createdBy.epfsp@example.net,2020-05-21T18:00:00.000Z,modifiedBy.epfsp@example.org
24701498-a54d-4b82-9763-1a1c25f96387,2016-09-16T18:00:00.000Z,createdBy.epfsq@example.com,2008-08-14T18:00:00.000Z,modifiedBy.epfsq@example.com
24701499-10b3-4040-9dfb-1323ebbb85e8,2012-01-12T18:00:00.000Z,createdBy.epfsr@example.com,2007-09-11T18:00:00.000Z,modifiedBy.epfsr@example.com
24701500-91b2-461e-9e6c-e34cc20d22b2,2022-09-07T18:00:00.000Z,createdBy.epfss@example.com,2006-08-29T18:00:00.000Z,modifiedBy.epfss@example.net
24701501-1d60-4f37-900d-1252a23537c5,2006-07-09T18:00:00.000Z,createdBy.epfst@example.org,2010-09-18T18:00:00.000Z,modifiedBy.epfst@example.org
24701502-f605-499a-b3e8-0dcc28b5f9c0,2001-10-21T18:00:00.000Z,createdBy.epfsu@example.org,2002-11-10T18:00:00.000Z,modifiedBy.epfsu@example.net
24701503-c626-4766-b6bb-199bf8849130,2016-04-13T18:00:00.000Z,createdBy.epfsv@example.net,2012-12-21T18:00:00.000Z,modifiedBy.epfsv@example.org
24701504-5a13-4250-a58e-6e1505e3bab6,2000-11-01T18:00:00.000Z,createdBy.epfsw@example.net,2023-08-06T18:00:00.000Z,modifiedBy.epfsw@example.com
24701505-7cc4-4958-9820-e1bce74dd2d6,2001-07-05T18:00:00.000Z,createdBy.epfsx@example.net,2013-12-22T18:00:00.000Z,modifiedBy.epfsx@example.com
24701506-bdeb-43a3-a32d-e88eff0fccf5,2017-05-01T18:00:00.000Z,createdBy.epfsy@example.net,2022-06-10T18:00:00.000Z,modifiedBy.epfsy@example.org
24701507-ed68-4a66-a425-801f12cc85ab,2021-03-21T18:00:00.000Z,createdBy.epfsz@example.net,2020-01-14T18:00:00.000Z,modifiedBy.epfsz@example.net
24701508-61cb-4644-ad9e-176d06afa642,2017-10-30T18:00:00.000Z,createdBy.epft0@example.net,2021-03-01T18:00:00.000Z,modifiedBy.epft0@example.org
24701509-e543-4f36-a039-3400baa59e87,2008-10-05T18:00:00.000Z,createdBy.epft1@example.net,2014-01-27T18:00:00.000Z,modifiedBy.epft1@example.net
24701510-9bba-4516-b7d3-799be13fad56,2014-02-16T18:00:00.000Z,createdBy.epft2@example.com,2007-11-09T18:00:00.000Z,modifiedBy.epft2@example.com
24701511-d5d8-4681-8f60-47209d3ef4b9,2017-01-05T18:00:00.000Z,createdBy.epft3@example.org,2017-05-17T18:00:00.000Z,modifiedBy.epft3@example.net
24701512-f30e-442a-8fb6-eed56d2acf6b,2009-05-04T18:00:00.000Z,createdBy.epft4@example.com,2004-04-28T18:00:00.000Z,modifiedBy.epft4@example.net
24701513-df18-46e0-baef-fb5937cdbc24,2015-06-05T18:00:00.000Z,createdBy.epft5@example.com,2011-11-11T18:00:00.000Z,modifiedBy.epft5@example.com
24701514-5b08-4d1a-b8dc-c13097184654,2016-11-02T18:00:00.000Z,createdBy.epft6@example.com,2016-01-09T18:00:00.000Z,modifiedBy.epft6@example.net
24701515-f3e5-4be3-b5e9-6971277a0574,2019-03-02T18:00:00.000Z,createdBy.epft7@example.com,2011-09-06T18:00:00.000Z,modifiedBy.epft7@example.com
24701516-1c2e-4b26-8eeb-2bdd7ec1dcbc,2006-02-01T18:00:00.000Z,createdBy.epft8@example.org,2014-06-28T18:00:00.000Z,modifiedBy.epft8@example.net
24701517-fd9e-42fe-bfc7-194ab227d4cc,2014-06-20T18:00:00.000Z,createdBy.epft9@example.net,2003-12-29T18:00:00.000Z,modifiedBy.epft9@example.org
24701518-2956-4d7b-88a6-8aa5ec152b7b,2015-05-22T18:00:00.000Z,createdBy.epfta@example.org,2003-10-24T18:00:00.000Z,modifiedBy.epfta@example.net
24701519-d9d1-481e-bc8a-a7dc6b82f93d,2009-07-18T18:00:00.000Z,createdBy.epftb@example.com,2017-02-21T18:00:00.000Z,modifiedBy.epftb@example.org
24701520-6c62-4e7f-8fb3-1c4e0ae419f8,2021-11-09T18:00:00.000Z,createdBy.epftc@example.org,2000-04-27T18:00:00.000Z,modifiedBy.epftc@example.com
24701521-8e68-495c-8844-3db6eba741c0,2009-06-07T18:00:00.000Z,createdBy.epftd@example.net,2009-07-02T18:00:00.000Z,modifiedBy.epftd@example.org
24701522-446a-4408-9f8c-ec1165e4385d,2000-05-28T18:00:00.000Z,createdBy.epfte@example.org,2007-03-27T18:00:00.000Z,modifiedBy.epfte@example.net
24701523-1132-4f96-a6a2-8260f36bded2,2016-10-09T18:00:00.000Z,createdBy.epftf@example.org,2001-09-07T18:00:00.000Z,modifiedBy.epftf@example.net
24701524-c3a7-4983-a9f4-14f528585aa5,2014-10-28T18:00:00.000Z,createdBy.epftg@example.org,2010-09-21T18:00:00.000Z,modifiedBy.epftg@example.net
