ID,createdAt,createdBy,modifiedAt,modifiedBy,referenceNumber,subProcessType_code,processType_code,processorTeam_ID,processorTeamName,stepNo,stepName,activityDescription,role,slaDays
9c9e466e-f424-4739-9884-599d25727795,2026-08-08T22:06:21.32,anim.basu@ext.dialog.lk,2026-08-08T22:06:21.32,anim.basu@ext.dialog.lk,STP-000001,FTK_FACTORING_PO_VALIDATION,,96999a76-1bd0-4bec-a032-251abe9c8d44,Brainbox Ariba,1,Submit PO list and invoices for validation,Vendor uploads the applicable PO list and the related invoices for I2P team to validate,,2
fddaae64-9768-4bb3-8e00-20c185314d91,2026-08-10T09:51:24.968,venkata.manisha@ext.dialog.lk,2026-08-10T09:51:24.968,venkata.manisha@ext.dialog.lk,STP-000004,FTK_FACTORING_PO_VALIDATION,,96999a76-1bd0-4bec-a032-251abe9c8d44,Brainbox Ariba,4,Submit IAC,Vendor submits the Invoice Acceptance Certificate (IAC) referencing the validated PO/invoices.,,1
55d29190-9f25-4dc0-80a7-d5d34e07c73d,2026-08-10T09:48:37.727,venkata.manisha@ext.dialog.lk,2026-08-10T09:53:19.894,venkata.manisha@ext.dialog.lk,STP-000003,FTK_FACTORING_PO_VALIDATION,,96999a76-1bd0-4bec-a032-251abe9c8d44,Brainbox Ariba,3,PO validation Confirmation,"On a successful validation, the I2P team records the PO validation confirmation in BTP and the request progresses.",,1
236c1d06-7e26-4bbb-be8d-862c6db904f4,2026-08-10T09:55:10.25,venkata.manisha@ext.dialog.lk,2026-08-10T09:56:17.619,venkata.manisha@ext.dialog.lk,STP-000005,FTK_FACTORING_PO_VALIDATION,,96999a76-1bd0-4bec-a032-251abe9c8d44,Brainbox Ariba,5,Treasury Approval,Treasury team reviews and uploads the approved IAC. I2P team should be notified on the signed IAC to trigger WHT process for SW.,,1
9444a298-3f80-435f-bc1e-52f706677853,2026-08-10T09:45:42.621,venkata.manisha@ext.dialog.lk,2026-08-10T09:56:46.812,venkata.manisha@ext.dialog.lk,STP-000002,FTK_FACTORING_PO_VALIDATION,,96999a76-1bd0-4bec-a032-251abe9c8d44,Brainbox Ariba,2,PO Validation,I2P team validates the submitted PO data against the system records. The outcome routes the request to either confirmation or send-back ,,1
fd7cd9b4-53c5-47bb-82fb-5ac4b0fb8576,2026-08-10T09:57:58.362,venkata.manisha@ext.dialog.lk,2026-08-10T09:57:58.362,venkata.manisha@ext.dialog.lk,STP-000006,FTK_FACTORING_PO_VALIDATION,,96999a76-1bd0-4bec-a032-251abe9c8d44,Brainbox Ariba,6,Request for WHT certificate,Mandatory for both SW only & HW and SW. IV team will provide the supporting details for WHT clearance.,,1
25567def-0053-4308-a25c-bf3c8e646734,2026-08-10T09:58:37.984,venkata.manisha@ext.dialog.lk,2026-08-10T10:00:07.7,venkata.manisha@ext.dialog.lk,STP-000007,FTK_FACTORING_PO_VALIDATION,,96999a76-1bd0-4bec-a032-251abe9c8d44,Brainbox Ariba,7,Provide WHT certificate,Tax team will update the certificate/clearance in the task.,,1
fbc23af7-8c04-47ad-933e-a1b61adf3acd,2026-08-10T10:01:57.584,venkata.manisha@ext.dialog.lk,2026-08-10T10:01:57.584,venkata.manisha@ext.dialog.lk,STP-000008,FTK_FACTORING_BASED_ON_UAC,,96999a76-1bd0-4bec-a032-251abe9c8d44,Brainbox Ariba,1,Submit UAC with reference to IAC request number,Vendor submits the User Acceptance Certificate (UAC) quoting the IAC request number generated earlier.,,1
f34c0df5-a026-40a5-8a2f-91728a93ba47,2026-08-10T10:04:09.59,venkata.manisha@ext.dialog.lk,2026-08-10T10:04:09.59,venkata.manisha@ext.dialog.lk,STP-000009,FTK_FACTORING_BASED_ON_UAC,,96999a76-1bd0-4bec-a032-251abe9c8d44,Brainbox Ariba,2,IV Confirmation and Document Archiving,"Conditional task: At the stage of IV, a task will be created for budget team as applicable.
For the rejected UACs, those needs to be sent back to Vendor by mentioning the rejected UAC’s number. Vendor has to refer to it and submit the UACs again in a new request with the original IAC request number.
",,1
1ea7bb16-d439-43af-955b-9aae2c5d846a,2026-08-10T12:49:01.39,venkata.manisha@ext.dialog.lk,2026-08-10T12:49:01.39,venkata.manisha@ext.dialog.lk,STP-000010,FTK_FACTORING_BASED_ON_UAC,,96999a76-1bd0-4bec-a032-251abe9c8d44,Brainbox Ariba,3,Payment Run and Document Archiving,"WHT clearance will be part of the IAC flow, and the payment flow will have the reference to it.",,1
6f625617-3deb-48c5-8d68-55ee6e17f79c,2026-08-10T12:49:47.784,venkata.manisha@ext.dialog.lk,2026-08-10T12:49:47.784,venkata.manisha@ext.dialog.lk,STP-000011,FTK_FACTORING_BASED_ON_UAC,,96999a76-1bd0-4bec-a032-251abe9c8d44,Brainbox Ariba,4,Quality Check,Quality Check,,1
4e9593dc-a146-4d33-a8f9-5e1c6604f1ed,2026-08-10T12:50:42.216,venkata.manisha@ext.dialog.lk,2026-08-10T12:50:42.216,venkata.manisha@ext.dialog.lk,STP-000012,FTK_FACTORING_BASED_ON_UAC,,96999a76-1bd0-4bec-a032-251abe9c8d44,Brainbox Ariba,5,Payment Completion,Payment Completion,,1
2e551143-744e-45b8-9c08-eb2722aa485c,2026-08-10T12:51:25.936,venkata.manisha@ext.dialog.lk,2026-08-10T12:51:25.936,venkata.manisha@ext.dialog.lk,STP-000013,FTK_FACTORING_BASED_ON_UAC,,96999a76-1bd0-4bec-a032-251abe9c8d44,Brainbox Ariba,6,Payment completed update by Vendor,"Vendor acknowledges receipt and updates the status in the portal, closing the request. ",,1
1278246f-78f2-4183-a7ae-635a22d57e56,2026-08-10T12:53:20.902,venkata.manisha@ext.dialog.lk,2026-08-10T12:53:20.902,venkata.manisha@ext.dialog.lk,STP-000014,FTK_FACTORING_PENDING_UAC,,96999a76-1bd0-4bec-a032-251abe9c8d44,Brainbox Ariba,1,Initiate advance process,"The IV team raises the advance payment request referencing the IAC request number, initiating the advance payment before the UAC is received. ",,1
65f7d84d-b742-4657-ace2-23de2ca4eaa4,2026-08-10T12:53:53.095,venkata.manisha@ext.dialog.lk,2026-08-10T12:53:53.095,venkata.manisha@ext.dialog.lk,STP-000015,FTK_FACTORING_PENDING_UAC,,96999a76-1bd0-4bec-a032-251abe9c8d44,Brainbox Ariba,2,Payment Run and Document Archiving,Payment Run and Document Archiving,,1
30396d2c-fbf9-4428-98d0-819ea1a55fba,2026-08-10T12:54:38.472,venkata.manisha@ext.dialog.lk,2026-08-10T12:54:38.472,venkata.manisha@ext.dialog.lk,STP-000016,FTK_FACTORING_PENDING_UAC,,96999a76-1bd0-4bec-a032-251abe9c8d44,Brainbox Ariba,3,Quality Check	,Quality Check	,,1
bc730601-8f16-4e34-9aef-914ebf2a76ba,2026-08-10T12:55:05.199,venkata.manisha@ext.dialog.lk,2026-08-10T13:02:42.242,venkata.manisha@ext.dialog.lk,STP-000017,FTK_FACTORING_PENDING_UAC,,96999a76-1bd0-4bec-a032-251abe9c8d44,Brainbox Ariba,4,Payment Completion,Payment Completion,,1
8e4af490-b0c6-47bb-b7fd-bd91a825e418,2026-08-10T12:55:36.215,venkata.manisha@ext.dialog.lk,2026-08-10T13:02:58.526,venkata.manisha@ext.dialog.lk,STP-000018,FTK_FACTORING_PENDING_UAC,,96999a76-1bd0-4bec-a032-251abe9c8d44,Brainbox Ariba,5,Payment completed update by Vendor,Vendor acknowledges the advance payment.,,1
f46ae381-7213-427b-b8aa-8c9b54b5b90f,2026-08-10T12:56:18.871,venkata.manisha@ext.dialog.lk,2026-08-10T13:03:33.97,venkata.manisha@ext.dialog.lk,STP-000019,FTK_FACTORING_PENDING_UAC,,96999a76-1bd0-4bec-a032-251abe9c8d44,Brainbox Ariba,6,Submit UAC,The vendor submits the UAC for the advance settlement,,1
d70788c2-de13-494b-a875-dbfc8b70c9b5,2026-08-10T12:59:30.354,venkata.manisha@ext.dialog.lk,2026-08-10T13:03:45.518,venkata.manisha@ext.dialog.lk,STP-000020,FTK_FACTORING_PENDING_UAC,,96999a76-1bd0-4bec-a032-251abe9c8d44,Brainbox Ariba,7,"IV confirmation, Advance clearance and Document archiving","At the stage of IV, a task will be created for budget team as applicable.",,1
893e1a8b-34db-417b-8378-1ebbc65aae7e,2026-08-10T13:00:26.233,venkata.manisha@ext.dialog.lk,2026-08-10T13:06:06.093,venkata.manisha@ext.dialog.lk,STP-000021,FTK_FACTORING_PENDING_UAC,,96999a76-1bd0-4bec-a032-251abe9c8d44,Brainbox Ariba,8,Quality check,Quality check,,1
9c884845-b105-43eb-b205-c8ab7b9ab54e,2026-08-10T13:10:03.199,venkata.manisha@ext.dialog.lk,2026-08-10T13:10:03.199,venkata.manisha@ext.dialog.lk,STP-000022,FTK_NON_FACTORING_BASED_UAC,,96999a76-1bd0-4bec-a032-251abe9c8d44,Brainbox Ariba,1,Submit UAC and invoices,Vendor submits the UAC together with the invoices,,1
40ac16d4-6dc2-487f-aa05-ee3aa75dfec6,2026-08-10T13:11:01.072,venkata.manisha@ext.dialog.lk,2026-08-10T13:11:01.072,venkata.manisha@ext.dialog.lk,STP-000023,FTK_NON_FACTORING_BASED_UAC,,96999a76-1bd0-4bec-a032-251abe9c8d44,Brainbox Ariba,2,IV Confirmation and Document Archiving,"At the stage of IV, a task will be created for budget team as applicable.",,1
92543020-2d6d-4064-8b1d-b17465f7d2e8,2026-08-10T13:11:23.121,venkata.manisha@ext.dialog.lk,2026-08-10T13:11:23.121,venkata.manisha@ext.dialog.lk,STP-000024,FTK_NON_FACTORING_BASED_UAC,,96999a76-1bd0-4bec-a032-251abe9c8d44,Brainbox Ariba,3,Payment Run and Document Archiving,Payment Run and Document Archiving,,1
4217f1dd-6d5e-4012-949e-bbea600d13e9,2026-08-10T13:11:49.241,venkata.manisha@ext.dialog.lk,2026-08-10T13:11:49.241,venkata.manisha@ext.dialog.lk,STP-000025,FTK_NON_FACTORING_BASED_UAC,,96999a76-1bd0-4bec-a032-251abe9c8d44,Brainbox Ariba,4,Quality Check,Quality Check,,1
b3238d69-6e69-4666-96dd-57c2ac386fc6,2026-08-10T13:19:54.286,venkata.manisha@ext.dialog.lk,2026-08-10T13:19:54.286,venkata.manisha@ext.dialog.lk,STP-000026,FTK_NON_FACTORING_BASED_UAC,,96999a76-1bd0-4bec-a032-251abe9c8d44,Brainbox Ariba,5,Payment Completion	,Payment Completion,,1
1d8cb435-1b0d-45ad-bee2-2c5e4a300fbb,2026-08-10T13:20:32.725,venkata.manisha@ext.dialog.lk,2026-08-10T13:20:32.725,venkata.manisha@ext.dialog.lk,STP-000027,FTK_NON_FACTORING_BASED_UAC,,96999a76-1bd0-4bec-a032-251abe9c8d44,Brainbox Ariba,6,Payment completed update by Vendor,Vendor acknowledges receipt and updates status,,1
c245dfb7-5094-4c8d-bb13-449e7274e8b7,2026-08-10T13:22:01.557,venkata.manisha@ext.dialog.lk,2026-08-10T13:22:01.557,venkata.manisha@ext.dialog.lk,STP-000028,FTK_SERVICE_PAYMENT,,96999a76-1bd0-4bec-a032-251abe9c8d44,Brainbox Ariba,1,"Submit request with invoice, UAC, Excel","Vendor submits a consolidated request including the invoice, UAC and the supporting documents.",,1
f7e554de-710d-4ffa-b58b-53f04ef5e566,2026-08-10T13:22:44.716,venkata.manisha@ext.dialog.lk,2026-08-10T13:22:44.716,venkata.manisha@ext.dialog.lk,STP-000029,FTK_SERVICE_PAYMENT,,96999a76-1bd0-4bec-a032-251abe9c8d44,Brainbox Ariba,2,IV Confirmation and Document Archiving,"At the stage of IV, a task will be created for Treasury and budget team as applicable.",,1
a10650a1-716e-42e0-8033-f4ab7fb17bab,2026-08-10T13:23:09.263,venkata.manisha@ext.dialog.lk,2026-08-10T13:23:09.263,venkata.manisha@ext.dialog.lk,STP-000030,FTK_SERVICE_PAYMENT,,96999a76-1bd0-4bec-a032-251abe9c8d44,Brainbox Ariba,3,Payment Run and Document Archiving,Payment Run and Document Archiving,,1
34c3cc9c-80fe-4049-800d-e31798b0f5be,2026-08-10T13:23:34.654,venkata.manisha@ext.dialog.lk,2026-08-10T13:23:34.654,venkata.manisha@ext.dialog.lk,STP-000031,FTK_SERVICE_PAYMENT,,96999a76-1bd0-4bec-a032-251abe9c8d44,Brainbox Ariba,4,Quality Check ,Quality Check ,,1
93c0923b-398a-4e21-b90e-abba311df61d,2026-08-10T13:23:59.04,venkata.manisha@ext.dialog.lk,2026-08-10T13:23:59.04,venkata.manisha@ext.dialog.lk,STP-000032,FTK_SERVICE_PAYMENT,,96999a76-1bd0-4bec-a032-251abe9c8d44,Brainbox Ariba,5,Payment Completion,Payment Completion,,1
a246444e-11bf-4f85-9ee5-99abd905be98,2026-08-10T13:24:32.987,venkata.manisha@ext.dialog.lk,2026-08-10T13:24:32.987,venkata.manisha@ext.dialog.lk,STP-000033,FTK_SERVICE_PAYMENT,,96999a76-1bd0-4bec-a032-251abe9c8d44,Brainbox Ariba,6,Payment completed update by Vendor,Vendor acknowledges receipt and updates status. ,,1
5245865f-c3d1-4881-b045-9d1963792f7e,2026-08-10T13:26:32.469,venkata.manisha@ext.dialog.lk,2026-08-10T13:26:32.469,venkata.manisha@ext.dialog.lk,STP-000034,FTK_DUTY_REIMBURSEMENT,,96999a76-1bd0-4bec-a032-251abe9c8d44,Brainbox Ariba,1,Submit request with debit note,Internal user submits the duty reimbursement request together with the debit note.,,1
d489a2ab-eae3-4394-9f4f-059598e88a57,2026-08-10T13:27:09.989,venkata.manisha@ext.dialog.lk,2026-08-10T13:27:09.989,venkata.manisha@ext.dialog.lk,STP-000035,FTK_DUTY_REIMBURSEMENT,,96999a76-1bd0-4bec-a032-251abe9c8d44,Brainbox Ariba,2,IV Confirmation and Document Archiving,"At the stage of IV, a task will be created for Treasury as applicable.",,1
b3ae3828-fc49-438c-afc4-e201c4bd0367,2026-08-10T13:27:30.681,venkata.manisha@ext.dialog.lk,2026-08-10T13:27:30.681,venkata.manisha@ext.dialog.lk,STP-000036,FTK_DUTY_REIMBURSEMENT,,96999a76-1bd0-4bec-a032-251abe9c8d44,Brainbox Ariba,3,Payment Run and Document Archiving,Payment Run and Document Archiving,,1
b7c19f24-e2b1-4d0a-a5c4-af320816b08d,2026-08-10T13:27:53.516,venkata.manisha@ext.dialog.lk,2026-08-10T13:27:53.516,venkata.manisha@ext.dialog.lk,STP-000037,FTK_DUTY_REIMBURSEMENT,,96999a76-1bd0-4bec-a032-251abe9c8d44,Brainbox Ariba,4,Quality Check ,Quality Check ,,1
8603cb27-a4c9-4b84-8f82-615633021255,2026-08-10T13:28:14.5,venkata.manisha@ext.dialog.lk,2026-08-10T13:28:14.5,venkata.manisha@ext.dialog.lk,STP-000038,FTK_DUTY_REIMBURSEMENT,,96999a76-1bd0-4bec-a032-251abe9c8d44,Brainbox Ariba,5,Payment Completion,Payment Completion,,1
6ffed508-4ce0-4806-9103-f4a59200b86e,2026-08-11T05:50:44.816,venkata.manisha@ext.dialog.lk,2026-08-11T05:50:44.816,venkata.manisha@ext.dialog.lk,STP-000043,PO_BEFORE_INVOICE_NON_ADV,,96999a76-1bd0-4bec-a032-251abe9c8d44,Brainbox Ariba,1,User submits the invoice ,Internal user submits the invoice and/or credit note together with the WHT certificate or reference.,,1
9d0a2202-05b0-45b1-89ef-82b3abd572f4,2026-08-11T05:51:06.909,venkata.manisha@ext.dialog.lk,2026-08-11T05:51:06.909,venkata.manisha@ext.dialog.lk,STP-000044,PO_BEFORE_INVOICE_NON_ADV,,96999a76-1bd0-4bec-a032-251abe9c8d44,Brainbox Ariba,2,IV Confirmation and Document Archiving,IV Confirmation and Document Archiving,,1
c57fba41-ca1c-44bc-be8f-a5a78947cb18,2026-08-11T05:51:42.589,venkata.manisha@ext.dialog.lk,2026-08-11T05:51:42.589,venkata.manisha@ext.dialog.lk,STP-000045,PO_BEFORE_INVOICE_NON_ADV,,96999a76-1bd0-4bec-a032-251abe9c8d44,Brainbox Ariba,3,Payment Run and Document Archiving	,Payment Run and Document Archiving	,,1
dcc33491-f329-42f2-81a4-f98bd5130a56,2026-08-11T05:52:16.314,venkata.manisha@ext.dialog.lk,2026-08-11T05:52:16.314,venkata.manisha@ext.dialog.lk,STP-000046,PO_BEFORE_INVOICE_NON_ADV,,96999a76-1bd0-4bec-a032-251abe9c8d44,Brainbox Ariba,4,Quality Check,Quality Check,,1
3d26cf7a-f2fd-4fd8-b2f8-ddd5ed833bb5,2026-08-11T05:52:34.913,venkata.manisha@ext.dialog.lk,2026-08-11T05:52:34.913,venkata.manisha@ext.dialog.lk,STP-000047,PO_BEFORE_INVOICE_NON_ADV,,96999a76-1bd0-4bec-a032-251abe9c8d44,Brainbox Ariba,5,Payment Completion,Payment Completion,,1
68c46bc8-ae4e-4507-9ecc-f0f254167e4f,2026-08-11T05:54:15.486,venkata.manisha@ext.dialog.lk,2026-08-11T05:54:15.486,venkata.manisha@ext.dialog.lk,STP-000048,PO_AFTER_INVOICE_NON_ADV,,96999a76-1bd0-4bec-a032-251abe9c8d44,Brainbox Ariba,1,User submits the invoice ,Internal user submits the invoice together with the WHT clearance or reference.,,1
1046f247-5d05-40e2-9c6c-7f60d199f4c4,2026-08-11T05:54:33.6,venkata.manisha@ext.dialog.lk,2026-08-11T05:54:33.6,venkata.manisha@ext.dialog.lk,STP-000049,PO_AFTER_INVOICE_NON_ADV,,96999a76-1bd0-4bec-a032-251abe9c8d44,Brainbox Ariba,2,IV Confirmation and Document archiving,IV Confirmation and Document archiving,,1
e16ff232-5a4a-4181-858d-c7f732c643e2,2026-08-11T05:56:53.187,venkata.manisha@ext.dialog.lk,2026-08-11T05:56:53.187,venkata.manisha@ext.dialog.lk,STP-000050,PO_AFTER_INVOICE_NON_ADV,,96999a76-1bd0-4bec-a032-251abe9c8d44,Brainbox Ariba,3,Payment Run and Document Archiving,Payment Run and Document Archiving,,1
bca93681-1c3b-4958-94bd-9710636a85cd,2026-08-11T05:57:22.361,venkata.manisha@ext.dialog.lk,2026-08-11T05:57:22.361,venkata.manisha@ext.dialog.lk,STP-000051,PO_AFTER_INVOICE_NON_ADV,,96999a76-1bd0-4bec-a032-251abe9c8d44,Brainbox Ariba,4,Quality Check,Quality Check,,1
9ec81ef3-0f62-447c-b4f4-b34281c72f3d,2026-08-11T05:57:40.484,venkata.manisha@ext.dialog.lk,2026-08-11T05:57:40.484,venkata.manisha@ext.dialog.lk,STP-000052,PO_AFTER_INVOICE_NON_ADV,,96999a76-1bd0-4bec-a032-251abe9c8d44,Brainbox Ariba,5,Payment Completion,Payment Completion,,1
cd5f0bb6-faab-4c11-9090-278bfd8a4b2a,2026-08-11T06:15:27.99,venkata.manisha@ext.dialog.lk,2026-08-11T06:15:27.99,venkata.manisha@ext.dialog.lk,STP-000053,PO_BEFORE_INVOICE_ADVANCE,,96999a76-1bd0-4bec-a032-251abe9c8d44,Brainbox Ariba,1,User submits the invoice with WHT clearance,Internal users submit the invoice together with the WHT clearance. ,,1
c204bb5b-3f4d-493f-b68a-fde3d13d5e50,2026-08-11T06:15:57.319,venkata.manisha@ext.dialog.lk,2026-08-11T06:15:57.319,venkata.manisha@ext.dialog.lk,STP-000054,PO_BEFORE_INVOICE_ADVANCE,,96999a76-1bd0-4bec-a032-251abe9c8d44,Brainbox Ariba,2,Post advance payment entry and document archival,Post advance payment entry and document archival,,1
7bd27837-ca5e-48b9-bc58-c5eda186c42c,2026-08-11T06:16:32.235,venkata.manisha@ext.dialog.lk,2026-08-11T06:16:32.235,venkata.manisha@ext.dialog.lk,STP-000055,PO_BEFORE_INVOICE_ADVANCE,,96999a76-1bd0-4bec-a032-251abe9c8d44,Brainbox Ariba,3,Payment Run and Document Archiving,I2P team will create a sub-task for treasury confirmation,,1
a5336369-6589-4cce-9e59-b66677939c05,2026-08-11T06:17:11.394,venkata.manisha@ext.dialog.lk,2026-08-11T06:17:11.394,venkata.manisha@ext.dialog.lk,STP-000056,PO_BEFORE_INVOICE_ADVANCE,,96999a76-1bd0-4bec-a032-251abe9c8d44,Brainbox Ariba,4,Quality Check ,Quality Check ,,1
a54295e5-fe2a-4f92-a690-6e70b6ba3879,2026-08-11T06:17:41.421,venkata.manisha@ext.dialog.lk,2026-08-11T06:17:41.421,venkata.manisha@ext.dialog.lk,STP-000057,PO_BEFORE_INVOICE_ADVANCE,,96999a76-1bd0-4bec-a032-251abe9c8d44,Brainbox Ariba,5,Payment Completion,Payment Completion,,1
4d2b0869-ebb7-494d-bdc9-144fb9a015f0,2026-08-11T06:18:12.273,venkata.manisha@ext.dialog.lk,2026-08-11T06:18:12.273,venkata.manisha@ext.dialog.lk,STP-000058,PO_BEFORE_INVOICE_ADVANCE,,96999a76-1bd0-4bec-a032-251abe9c8d44,Brainbox Ariba,6,User submits the supporting docs for advance settlement,User submits the supporting docs for advance settlement,,1
458fd58b-0e83-427f-b4a4-736a13936e9a,2026-08-11T06:18:40.971,venkata.manisha@ext.dialog.lk,2026-08-11T06:18:40.971,venkata.manisha@ext.dialog.lk,STP-000059,PO_BEFORE_INVOICE_ADVANCE,,96999a76-1bd0-4bec-a032-251abe9c8d44,Brainbox Ariba,7,Advance settlement,Advance settlement,,1
c69b77fd-a76f-4c1d-bb9b-c391e217a13a,2026-08-11T06:21:51.182,venkata.manisha@ext.dialog.lk,2026-08-11T06:21:51.182,venkata.manisha@ext.dialog.lk,STP-000060,PO_AFTER_INVOICE_ADVANCE,,96999a76-1bd0-4bec-a032-251abe9c8d44,Brainbox Ariba,1,User submits the invoice with WHT clearance,Internal users submit the invoice together with the WHT clearance. ,,1
12113cb7-2392-41af-aab5-18d92d855767,2026-08-11T06:29:03.281,venkata.manisha@ext.dialog.lk,2026-08-11T06:29:03.281,venkata.manisha@ext.dialog.lk,STP-000061,PO_AFTER_INVOICE_ADVANCE,,96999a76-1bd0-4bec-a032-251abe9c8d44,Brainbox Ariba,2,Post advance payment entry and document archival,Post advance payment entry and document archival,,1
336b9f57-5c5e-41e4-b671-0e6bf1aae210,2026-08-11T06:29:26.046,venkata.manisha@ext.dialog.lk,2026-08-11T06:29:26.046,venkata.manisha@ext.dialog.lk,STP-000062,PO_AFTER_INVOICE_ADVANCE,,96999a76-1bd0-4bec-a032-251abe9c8d44,Brainbox Ariba,3,Payment Run and Document Archiving,I2P team will create a sub-task for treasury confirmation,,1
405bced7-66c1-4f0a-bda7-1e9de1692c09,2026-08-11T06:29:53.459,venkata.manisha@ext.dialog.lk,2026-08-11T06:29:53.459,venkata.manisha@ext.dialog.lk,STP-000063,PO_AFTER_INVOICE_ADVANCE,,96999a76-1bd0-4bec-a032-251abe9c8d44,Brainbox Ariba,4,Quality Check ,Quality Check ,,1
7dc22f92-898b-4e79-9461-46ac3a2b9c0f,2026-08-11T06:30:08.852,venkata.manisha@ext.dialog.lk,2026-08-11T06:30:08.852,venkata.manisha@ext.dialog.lk,STP-000064,PO_AFTER_INVOICE_ADVANCE,,96999a76-1bd0-4bec-a032-251abe9c8d44,Brainbox Ariba,5,Payment Completion,Payment Completion,,1
7ff6c04f-6298-422c-a30f-a6ba4971a258,2026-08-11T06:30:30.046,venkata.manisha@ext.dialog.lk,2026-08-11T06:30:30.046,venkata.manisha@ext.dialog.lk,STP-000065,PO_AFTER_INVOICE_ADVANCE,,96999a76-1bd0-4bec-a032-251abe9c8d44,Brainbox Ariba,6,User submits the supporting docs for advance settlement,The user submits the supporting documents to settle the advance.,,1
8c5d36f5-eba4-4ee1-8d37-4f81ab4820ba,2026-08-11T06:30:53.738,venkata.manisha@ext.dialog.lk,2026-08-11T06:30:53.738,venkata.manisha@ext.dialog.lk,STP-000066,PO_AFTER_INVOICE_ADVANCE,,96999a76-1bd0-4bec-a032-251abe9c8d44,Brainbox Ariba,7,Advance settlement,User has to select the option either advance settlement or 100% advance settlement.,,1
e6dc72d6-9bf3-46d3-8a7e-45ff833457ff,2026-08-11T06:45:42.748,venkata.manisha@ext.dialog.lk,2026-08-11T06:45:42.748,venkata.manisha@ext.dialog.lk,STP-000067,NON_PO_DIRECT_OFN_AUTHORITY,,96999a76-1bd0-4bec-a032-251abe9c8d44,Brainbox Ariba,1,User submits the advance payment request,Internal users submit the advance payment request.,,1
2df07975-aa91-4e47-9bfc-68b3469f0bc2,2026-08-11T06:46:06.846,venkata.manisha@ext.dialog.lk,2026-08-11T06:46:06.846,venkata.manisha@ext.dialog.lk,STP-000068,NON_PO_DIRECT_OFN_AUTHORITY,,96999a76-1bd0-4bec-a032-251abe9c8d44,Brainbox Ariba,2,LoA approval,LoA approval,,1
29f5ec7d-d6e7-4c0f-90a3-169b422235a8,2026-08-11T06:46:49.487,venkata.manisha@ext.dialog.lk,2026-08-11T06:46:49.487,venkata.manisha@ext.dialog.lk,STP-000069,NON_PO_DIRECT_OFN_AUTHORITY,,96999a76-1bd0-4bec-a032-251abe9c8d44,Brainbox Ariba,3,Post advance payment entry and document archival,Post advance payment entry and document archival,,1
2026a2b1-53bf-4f7b-a0e4-443e567a3745,2026-08-11T06:47:09.813,venkata.manisha@ext.dialog.lk,2026-08-11T06:47:09.813,venkata.manisha@ext.dialog.lk,STP-000070,NON_PO_DIRECT_OFN_AUTHORITY,,96999a76-1bd0-4bec-a032-251abe9c8d44,Brainbox Ariba,4,Payment Run and Document Archiving,Payment Run and Document Archiving,,1
1b34cd8a-5f53-47cb-8aa2-bf41e20700ff,2026-08-11T06:47:26.788,venkata.manisha@ext.dialog.lk,2026-08-11T06:47:26.788,venkata.manisha@ext.dialog.lk,STP-000071,NON_PO_DIRECT_OFN_AUTHORITY,,96999a76-1bd0-4bec-a032-251abe9c8d44,Brainbox Ariba,5,Quality Check ,Quality Check ,,1
3f3d19a2-e68b-498d-9cac-35495d38e2b0,2026-08-11T06:47:52.037,venkata.manisha@ext.dialog.lk,2026-08-11T06:47:52.037,venkata.manisha@ext.dialog.lk,STP-000072,NON_PO_DIRECT_OFN_AUTHORITY,,96999a76-1bd0-4bec-a032-251abe9c8d44,Brainbox Ariba,6,Payment Completion,Payment Completion,,1
33f6bae8-9d0b-4dd6-9672-20a7f4767e1d,2026-08-11T06:48:34.382,venkata.manisha@ext.dialog.lk,2026-08-11T06:48:34.382,venkata.manisha@ext.dialog.lk,STP-000073,NON_PO_DIRECT_OFN_AUTHORITY,,96999a76-1bd0-4bec-a032-251abe9c8d44,Brainbox Ariba,7,User submits the supporting docs for advance settlement,The user submits the supporting documents to settle the advance.,,1
0a91fc80-e420-4657-8209-459bd7feaea3,2026-08-11T06:48:54.437,venkata.manisha@ext.dialog.lk,2026-08-11T06:48:54.437,venkata.manisha@ext.dialog.lk,STP-000074,NON_PO_DIRECT_OFN_AUTHORITY,,96999a76-1bd0-4bec-a032-251abe9c8d44,Brainbox Ariba,8,Advance clearance and Document Archiving,Checkbox for the I2P users to select “Raise Receipt” that will trigger a task to GFA team for deposit and GL confirmation.,,1
d06be66c-6b87-4eed-a3f7-98e9712b1fee,2026-08-11T06:49:29.037,venkata.manisha@ext.dialog.lk,2026-08-11T06:49:29.037,venkata.manisha@ext.dialog.lk,STP-000075,NON_PO_DIRECT_OFN_AUTHORITY,,96999a76-1bd0-4bec-a032-251abe9c8d44,Brainbox Ariba,9,Quality check,Quality check,,1
1d5fcbca-0ea5-496b-b5f3-01ffcfa031d5,2026-08-11T06:49:47.689,venkata.manisha@ext.dialog.lk,2026-08-11T06:49:47.689,venkata.manisha@ext.dialog.lk,STP-000076,NON_PO_DIRECT_OFN_AUTHORITY,,96999a76-1bd0-4bec-a032-251abe9c8d44,Brainbox Ariba,10,Payment completion,Payment completion,,1
3e899fb8-8714-476b-8290-55b412d757ca,2026-08-11T07:58:55.427,venkata.manisha@ext.dialog.lk,2026-08-11T07:58:55.427,venkata.manisha@ext.dialog.lk,STP-000089,NON_PO_ADV_SETTLE_OFN_OTHER,,96999a76-1bd0-4bec-a032-251abe9c8d44,Brainbox Ariba,1,User submits the advance payment request,Internal users submit the advance payment request.,,1
13a221b4-68f2-4240-b40e-4a09a8d84135,2026-08-11T08:00:36.3,venkata.manisha@ext.dialog.lk,2026-08-11T08:00:36.3,venkata.manisha@ext.dialog.lk,STP-000090,NON_PO_ADV_SETTLE_OFN_OTHER,,96999a76-1bd0-4bec-a032-251abe9c8d44,Brainbox Ariba,2,LoA approval,LoA approval,,1
bcec952c-e1a2-4e59-9da1-89f72fc9abae,2026-08-11T08:01:03.009,venkata.manisha@ext.dialog.lk,2026-08-11T08:01:03.009,venkata.manisha@ext.dialog.lk,STP-000091,NON_PO_ADV_SETTLE_OFN_OTHER,,96999a76-1bd0-4bec-a032-251abe9c8d44,Brainbox Ariba,3,Post advance payment entry and document archival,Post advance payment entry and document archival,,1
7d4e3e43-2235-4773-8eb2-6af4b943aaa1,2026-08-11T08:02:06.094,venkata.manisha@ext.dialog.lk,2026-08-11T08:02:06.094,venkata.manisha@ext.dialog.lk,STP-000094,NON_PO_ADV_SETTLE_OFN_OTHER,,96999a76-1bd0-4bec-a032-251abe9c8d44,Brainbox Ariba,6,Payment Completion,Payment Completion,,1
f311e2c0-c3df-4364-963b-1a07afcea40a,2026-08-11T08:02:52.972,venkata.manisha@ext.dialog.lk,2026-08-11T08:02:52.972,venkata.manisha@ext.dialog.lk,STP-000095,NON_PO_ADV_SETTLE_OFN_OTHER,,96999a76-1bd0-4bec-a032-251abe9c8d44,Brainbox Ariba,7,User submits the supporting docs for advance settlement,The user submits the supporting documents to settle the advance.,,1
eb8833a8-534e-4c90-a371-4dc327dde013,2026-08-11T08:03:21.576,venkata.manisha@ext.dialog.lk,2026-08-11T08:03:21.576,venkata.manisha@ext.dialog.lk,STP-000096,NON_PO_ADV_SETTLE_OFN_OTHER,,96999a76-1bd0-4bec-a032-251abe9c8d44,Brainbox Ariba,8,Advance clearance and Document Archiving,Checkbox for the I2P users to select “Raise Receipt” that will trigger a task to GFA team for deposit and GL confirmation.,,1
b43210c2-f0f1-4b69-adf1-f49129b7a9f8,2026-08-11T08:03:41.21,venkata.manisha@ext.dialog.lk,2026-08-11T08:03:41.21,venkata.manisha@ext.dialog.lk,STP-000097,NON_PO_ADV_SETTLE_OFN_OTHER,,96999a76-1bd0-4bec-a032-251abe9c8d44,Brainbox Ariba,9,Quality check,Quality check,,1
224186f4-4e08-430f-8090-f354d169be96,2026-08-11T08:04:12.121,venkata.manisha@ext.dialog.lk,2026-08-11T08:04:12.121,venkata.manisha@ext.dialog.lk,STP-000098,NON_PO_ADV_SETTLE_OFN_OTHER,,96999a76-1bd0-4bec-a032-251abe9c8d44,Brainbox Ariba,10,Payment completion,Payment completion,,1
9cec5ace-0d3e-4f0c-a56e-02d2a1a0eadd,2026-08-11T08:01:49.864,venkata.manisha@ext.dialog.lk,2026-08-11T08:04:25.091,venkata.manisha@ext.dialog.lk,STP-000093,NON_PO_ADV_SETTLE_OFN_OTHER,,96999a76-1bd0-4bec-a032-251abe9c8d44,Brainbox Ariba,5,Quality Check ,Quality Check ,,1
7d3e04d8-0970-4231-b546-4d980a7eb9f8,2026-08-11T08:01:27.108,venkata.manisha@ext.dialog.lk,2026-08-11T08:04:33.196,venkata.manisha@ext.dialog.lk,STP-000092,NON_PO_ADV_SETTLE_OFN_OTHER,,96999a76-1bd0-4bec-a032-251abe9c8d44,Brainbox Ariba,4,Payment Run and Document Archiving,Payment Run and Document Archiving,,1
d03a62ed-ed59-4022-96c4-4ab7ef2ee143,2026-08-11T08:06:34.11,venkata.manisha@ext.dialog.lk,2026-08-11T08:06:34.11,venkata.manisha@ext.dialog.lk,STP-000099,NON_PO_DIRECT_FOREIGN_TRAVEL,,96999a76-1bd0-4bec-a032-251abe9c8d44,Brainbox Ariba,1,User submits the request,Internal team user submits the foreign travel payment request.,,1
7a1da3ba-cbcf-47c1-88bc-5eceb2251596,2026-08-11T08:06:49.366,venkata.manisha@ext.dialog.lk,2026-08-11T08:06:49.366,venkata.manisha@ext.dialog.lk,STP-000100,NON_PO_DIRECT_FOREIGN_TRAVEL,,96999a76-1bd0-4bec-a032-251abe9c8d44,Brainbox Ariba,2,CTM Head validation,CTM Head validation,,1
bda944c8-0725-4537-bd6b-9d91c240bbee,2026-08-11T08:07:04.707,venkata.manisha@ext.dialog.lk,2026-08-11T08:07:04.707,venkata.manisha@ext.dialog.lk,STP-000101,NON_PO_DIRECT_FOREIGN_TRAVEL,,96999a76-1bd0-4bec-a032-251abe9c8d44,Brainbox Ariba,3,CEO Approval,CEO Approval,,1
d6a2cf14-bb9e-48a8-85b4-ff070df2dff4,2026-08-11T08:07:43.285,venkata.manisha@ext.dialog.lk,2026-08-11T08:07:43.285,venkata.manisha@ext.dialog.lk,STP-000102,NON_PO_DIRECT_FOREIGN_TRAVEL,,96999a76-1bd0-4bec-a032-251abe9c8d44,Brainbox Ariba,4,IV Confirmation and Document Archiving,IV Confirmation and Document Archiving,,1
2aac50a4-68d3-478c-a5bf-4196437458f8,2026-08-11T08:08:47.043,venkata.manisha@ext.dialog.lk,2026-08-11T08:08:47.043,venkata.manisha@ext.dialog.lk,STP-000103,NON_PO_DIRECT_FOREIGN_TRAVEL,,96999a76-1bd0-4bec-a032-251abe9c8d44,Brainbox Ariba,5,Payment Run and Document Archiving,Payment Run and Document Archiving,,1
043659cb-ae47-46c8-b9e5-9ffab4b28642,2026-08-11T08:09:15.864,venkata.manisha@ext.dialog.lk,2026-08-11T08:09:15.864,venkata.manisha@ext.dialog.lk,STP-000104,NON_PO_DIRECT_FOREIGN_TRAVEL,,96999a76-1bd0-4bec-a032-251abe9c8d44,Brainbox Ariba,6,Quality Check,Quality Check,,1
3050e4c6-2cb7-4f76-8426-a4cf1c409ae8,2026-08-11T08:09:49.02,venkata.manisha@ext.dialog.lk,2026-08-11T08:09:49.02,venkata.manisha@ext.dialog.lk,STP-000105,NON_PO_DIRECT_FOREIGN_TRAVEL,,96999a76-1bd0-4bec-a032-251abe9c8d44,Brainbox Ariba,7,Payment Completion,Payment Completion,,1
9deb2d59-dfc5-4bd6-a3ee-4c2bfdbde4e3,2026-08-11T08:11:03.132,venkata.manisha@ext.dialog.lk,2026-08-11T08:11:03.132,venkata.manisha@ext.dialog.lk,STP-000106,NON_PO_FUEL_STAFF,,96999a76-1bd0-4bec-a032-251abe9c8d44,Brainbox Ariba,1,User submits the request,Internal team user submits the staff / generator fuel request. ,,1
7925c8ab-579b-4355-b03f-6e03028e8949,2026-08-11T08:11:43.197,venkata.manisha@ext.dialog.lk,2026-08-11T08:11:43.197,venkata.manisha@ext.dialog.lk,STP-000107,NON_PO_FUEL_STAFF,,96999a76-1bd0-4bec-a032-251abe9c8d44,Brainbox Ariba,2,LOA Approval,LOA approval is obtained.,,1
91edb701-f9e9-448e-a2c2-5391c0d1fcc1,2026-08-11T08:12:10.138,venkata.manisha@ext.dialog.lk,2026-08-11T08:12:10.138,venkata.manisha@ext.dialog.lk,STP-000108,NON_PO_FUEL_STAFF,,96999a76-1bd0-4bec-a032-251abe9c8d44,Brainbox Ariba,3,IV confirmation and Document Archiving,IV confirmation and Document Archiving,,1
47b21a28-94c5-42a8-91f1-28276c6c16bc,2026-08-11T08:12:34.753,venkata.manisha@ext.dialog.lk,2026-08-11T08:12:34.753,venkata.manisha@ext.dialog.lk,STP-000109,NON_PO_FUEL_STAFF,,96999a76-1bd0-4bec-a032-251abe9c8d44,Brainbox Ariba,4,Quality Check,Quality Check,,1
62be234a-c3b5-4721-a9cb-d06be9015ade,2026-08-11T08:12:55.809,venkata.manisha@ext.dialog.lk,2026-08-11T08:12:55.809,venkata.manisha@ext.dialog.lk,STP-000110,NON_PO_FUEL_STAFF,,96999a76-1bd0-4bec-a032-251abe9c8d44,Brainbox Ariba,5,IV status update,User (Tax and GFA team) notified using involve party option,,1
168326a3-0a0e-4cad-b423-fd3a10c66a08,2026-08-11T08:14:38.69,venkata.manisha@ext.dialog.lk,2026-08-11T08:14:38.69,venkata.manisha@ext.dialog.lk,STP-000111,NON_PO_FUEL_GENERATOR,,96999a76-1bd0-4bec-a032-251abe9c8d44,Brainbox Ariba,1,User submits the request,Internal team user submits the staff / generator fuel request. ,,1
02dbac9e-21e8-4b53-a1e7-03fe5133b28a,2026-08-11T08:15:08.096,venkata.manisha@ext.dialog.lk,2026-08-11T08:15:08.096,venkata.manisha@ext.dialog.lk,STP-000112,NON_PO_FUEL_GENERATOR,,96999a76-1bd0-4bec-a032-251abe9c8d44,Brainbox Ariba,2,LOA Approval,LOA approval is obtained.,,1
36fb7009-a20d-47ce-a030-820d1372cd06,2026-08-11T08:15:26.982,venkata.manisha@ext.dialog.lk,2026-08-11T08:15:26.982,venkata.manisha@ext.dialog.lk,STP-000113,NON_PO_FUEL_GENERATOR,,96999a76-1bd0-4bec-a032-251abe9c8d44,Brainbox Ariba,3,IV confirmation and Document Archiving,IV confirmation and Document Archiving,,1
c172f3b2-027f-4c96-ad99-b4836a85a432,2026-08-11T08:15:45.792,venkata.manisha@ext.dialog.lk,2026-08-11T08:15:45.792,venkata.manisha@ext.dialog.lk,STP-000114,NON_PO_FUEL_GENERATOR,,96999a76-1bd0-4bec-a032-251abe9c8d44,Brainbox Ariba,4,Quality Check,Quality Check,,1
6309a15f-efcd-4421-ad59-be045c2e86ce,2026-08-11T08:16:03.306,venkata.manisha@ext.dialog.lk,2026-08-11T08:16:25.103,venkata.manisha@ext.dialog.lk,STP-000115,NON_PO_FUEL_GENERATOR,,96999a76-1bd0-4bec-a032-251abe9c8d44,Brainbox Ariba,5,IV status update,User (Tax and GFA team) notified using involve party option,,1
161797d7-2cad-41ca-99b2-b2aea2e79a48,2026-08-11T09:24:36.619,venkata.manisha@ext.dialog.lk,2026-08-11T09:24:36.619,venkata.manisha@ext.dialog.lk,STP-000116,NON_PO_IDEAMART_APPMAKER,,96999a76-1bd0-4bec-a032-251abe9c8d44,Brainbox Ariba,1,User submits request ,Internal team user selects Idea Mart or app maker  and submits the payment request. ,,1
19c831c7-0dd6-43d1-8f86-95cc846ee593,2026-08-11T09:27:38.797,venkata.manisha@ext.dialog.lk,2026-08-11T09:27:38.797,venkata.manisha@ext.dialog.lk,STP-000117,NON_PO_IDEAMART_APPMAKER,,96999a76-1bd0-4bec-a032-251abe9c8d44,Brainbox Ariba,2,LoA Approval,LoA Approval,,1
e8d1dc6a-5a4c-4d46-afac-c0497261567f,2026-08-11T09:28:07.451,venkata.manisha@ext.dialog.lk,2026-08-11T09:28:07.451,venkata.manisha@ext.dialog.lk,STP-000118,NON_PO_IDEAMART_APPMAKER,,96999a76-1bd0-4bec-a032-251abe9c8d44,Brainbox Ariba,3,IV Confirmation and Document Archiving,Optional task for I2P supervisors to confirm the bank details. ,,1
e75739b5-0b56-4eda-bd57-6fdfeb30bf1e,2026-08-11T09:28:26.393,venkata.manisha@ext.dialog.lk,2026-08-11T09:28:26.393,venkata.manisha@ext.dialog.lk,STP-000119,NON_PO_IDEAMART_APPMAKER,,96999a76-1bd0-4bec-a032-251abe9c8d44,Brainbox Ariba,4,Payment Run and Document Archiving,Payment Run and Document Archiving,,1
de6e1eb4-a3f5-4c49-bf69-9dcba54eab35,2026-08-11T09:28:48.362,venkata.manisha@ext.dialog.lk,2026-08-11T09:28:48.362,venkata.manisha@ext.dialog.lk,STP-000120,NON_PO_IDEAMART_APPMAKER,,96999a76-1bd0-4bec-a032-251abe9c8d44,Brainbox Ariba,5,Quality Check,Quality Check,,1
83a9ad60-ca92-4ece-8ac5-0cda36b5413b,2026-08-11T09:29:02.281,venkata.manisha@ext.dialog.lk,2026-08-11T09:29:02.281,venkata.manisha@ext.dialog.lk,STP-000121,NON_PO_IDEAMART_APPMAKER,,96999a76-1bd0-4bec-a032-251abe9c8d44,Brainbox Ariba,6,Sharing the WHT Schedule with GFA team,Sharing the WHT Schedule with GFA team,,1
19f78d75-e50c-4c4c-8a15-117cd7a72e2d,2026-08-11T09:29:19.001,venkata.manisha@ext.dialog.lk,2026-08-11T09:29:19.001,venkata.manisha@ext.dialog.lk,STP-000122,NON_PO_IDEAMART_APPMAKER,,96999a76-1bd0-4bec-a032-251abe9c8d44,Brainbox Ariba,7,Payment Completion,Optional task: Notify UD on Returns,,1
70b42f4a-34b5-44b2-89da-480373212201,2026-08-11T09:31:09.432,venkata.manisha@ext.dialog.lk,2026-08-11T09:31:09.432,venkata.manisha@ext.dialog.lk,STP-000123,NON_PO_CUSTOMER_REFUNDS,,96999a76-1bd0-4bec-a032-251abe9c8d44,Brainbox Ariba,1,User submits request ,Internal team user submits the customer refunds payment request. ,,1
b4adca37-92f7-423c-8f86-acc6dc9f98d1,2026-08-11T09:31:32.173,venkata.manisha@ext.dialog.lk,2026-08-11T09:31:32.173,venkata.manisha@ext.dialog.lk,STP-000124,NON_PO_CUSTOMER_REFUNDS,,96999a76-1bd0-4bec-a032-251abe9c8d44,Brainbox Ariba,2,LoA Approval,LoA Approval,,1
2eef7b31-253e-4d00-a473-58ccbac4828e,2026-08-11T09:31:52.66,venkata.manisha@ext.dialog.lk,2026-08-11T09:31:52.66,venkata.manisha@ext.dialog.lk,STP-000125,NON_PO_CUSTOMER_REFUNDS,,96999a76-1bd0-4bec-a032-251abe9c8d44,Brainbox Ariba,3,IV Confirmation and Document Archiving,Optional task for I2P supervisors to confirm the bank details,,1
c02e39c0-6902-4db0-89dd-9eccbb6ca0c7,2026-08-11T09:32:10.083,venkata.manisha@ext.dialog.lk,2026-08-11T09:32:10.083,venkata.manisha@ext.dialog.lk,STP-000126,NON_PO_CUSTOMER_REFUNDS,,96999a76-1bd0-4bec-a032-251abe9c8d44,Brainbox Ariba,4,Payment Run and Document Archiving,Payment Run and Document Archiving,,1
81e5b073-04bb-4275-a37a-ed3ddad71a24,2026-08-11T09:32:23.971,venkata.manisha@ext.dialog.lk,2026-08-11T09:32:23.971,venkata.manisha@ext.dialog.lk,STP-000127,NON_PO_CUSTOMER_REFUNDS,,96999a76-1bd0-4bec-a032-251abe9c8d44,Brainbox Ariba,5,Quality Check,Quality Check,,1
c03ace56-ba6c-42ed-a5c7-e63c2fe26848,2026-08-11T09:32:40.162,venkata.manisha@ext.dialog.lk,2026-08-11T09:32:40.162,venkata.manisha@ext.dialog.lk,STP-000128,NON_PO_CUSTOMER_REFUNDS,,96999a76-1bd0-4bec-a032-251abe9c8d44,Brainbox Ariba,6,Payment Completion,Optional task: Notify UD on Returns,,1
91115cc5-4665-4e03-b1b6-4944bfb81814,2026-08-11T09:35:23.747,venkata.manisha@ext.dialog.lk,2026-08-11T09:35:23.747,venkata.manisha@ext.dialog.lk,STP-000129,NON_PO_STELACOM_CONSIGNMENT,,96999a76-1bd0-4bec-a032-251abe9c8d44,Brainbox Ariba,1,Submit working sheet,Vendor submits the consignment working sheet. ,,1
659c0f4e-e359-435e-825d-cf79c905508b,2026-08-11T09:35:55.434,venkata.manisha@ext.dialog.lk,2026-08-11T09:35:55.434,venkata.manisha@ext.dialog.lk,STP-000130,NON_PO_STELACOM_CONSIGNMENT,,96999a76-1bd0-4bec-a032-251abe9c8d44,Brainbox Ariba,2,GBC Validation and confirmation,"In case of budget issues faced by GBC team while liability booking, they can create a manual task for the budget team to get it cleared. ",,1
fd50697e-39c3-492e-b7f1-be520239a0b9,2026-08-11T09:36:16.38,venkata.manisha@ext.dialog.lk,2026-08-11T09:36:16.38,venkata.manisha@ext.dialog.lk,STP-000131,NON_PO_STELACOM_CONSIGNMENT,,96999a76-1bd0-4bec-a032-251abe9c8d44,Brainbox Ariba,3,Submit invoice,Vendor submits the invoice for the confirmed working sheet.,,1
99574cb4-f20d-4cdc-9e50-81919526230f,2026-08-11T09:36:41.768,venkata.manisha@ext.dialog.lk,2026-08-11T09:36:41.768,venkata.manisha@ext.dialog.lk,STP-000132,NON_PO_STELACOM_CONSIGNMENT,,96999a76-1bd0-4bec-a032-251abe9c8d44,Brainbox Ariba,4,GBC Confirmation,A second GBC confirmation is performed against the submitted invoice.,,1
62a8e05e-1917-42e8-9a88-fdf4c2287f47,2026-08-11T09:37:03.154,venkata.manisha@ext.dialog.lk,2026-08-11T09:37:03.154,venkata.manisha@ext.dialog.lk,STP-000133,NON_PO_STELACOM_CONSIGNMENT,,96999a76-1bd0-4bec-a032-251abe9c8d44,Brainbox Ariba,5,BU team Non-PO LOA approval,LoA approval flow will be completed,,1
6ee1454a-013f-4cbc-a627-d16b4c415715,2026-08-11T09:37:45.676,venkata.manisha@ext.dialog.lk,2026-08-11T09:37:45.676,venkata.manisha@ext.dialog.lk,STP-000134,NON_PO_STELACOM_CONSIGNMENT,,96999a76-1bd0-4bec-a032-251abe9c8d44,Brainbox Ariba,6,IV Confirmation and Document Archiving	,IV Confirmation and Document Archiving	,,1
2db8f303-d0b7-4e4d-9385-44a7814387c3,2026-08-11T09:38:10.655,venkata.manisha@ext.dialog.lk,2026-08-11T09:38:10.655,venkata.manisha@ext.dialog.lk,STP-000135,NON_PO_STELACOM_CONSIGNMENT,,96999a76-1bd0-4bec-a032-251abe9c8d44,Brainbox Ariba,7,Payment Run and Document Archiving,Payment Run and Document Archiving,,1
bf55bcb0-ee98-4e6d-a0c2-e42f069d3b73,2026-08-11T09:38:41.029,venkata.manisha@ext.dialog.lk,2026-08-11T09:38:41.029,venkata.manisha@ext.dialog.lk,STP-000136,NON_PO_STELACOM_CONSIGNMENT,,96999a76-1bd0-4bec-a032-251abe9c8d44,Brainbox Ariba,8,Quality Check ,Quality Check ,,1
467a2cf9-ce29-4280-877f-ed9d6357faa7,2026-08-11T09:39:04.021,venkata.manisha@ext.dialog.lk,2026-08-11T09:39:04.021,venkata.manisha@ext.dialog.lk,STP-000137,NON_PO_STELACOM_CONSIGNMENT,,96999a76-1bd0-4bec-a032-251abe9c8d44,Brainbox Ariba,9,Payment Completion,Payment Completion,,1
b6994ed3-2262-4f51-beb1-8fad83ec9b29,2026-08-11T09:39:31.917,venkata.manisha@ext.dialog.lk,2026-08-11T09:39:31.917,venkata.manisha@ext.dialog.lk,STP-000138,NON_PO_STELACOM_CONSIGNMENT,,96999a76-1bd0-4bec-a032-251abe9c8d44,Brainbox Ariba,10,Payment completed update by Vendor,Vendor acknowledges receipt and updates status. ,,1
10a4fb0a-f961-471f-960f-39664353bc69,2026-08-11T09:46:18.083,venkata.manisha@ext.dialog.lk,2026-08-11T09:46:18.083,venkata.manisha@ext.dialog.lk,STP-000139,NON_PO_SITE_SHARE_LIABILITY,,96999a76-1bd0-4bec-a032-251abe9c8d44,Brainbox Ariba,1,Submit invoices,"Vendor submits the site-sharing invoices. 
User will select the input: Power/Infra
",,1
15d1b0ca-0cdb-42ec-b5df-75c2f06deb80,2026-08-11T09:46:40.275,venkata.manisha@ext.dialog.lk,2026-08-11T09:46:40.275,venkata.manisha@ext.dialog.lk,STP-000140,NON_PO_SITE_SHARE_LIABILITY,,96999a76-1bd0-4bec-a032-251abe9c8d44,Brainbox Ariba,2,SAQ Team validation,The SAQ team confirms the invoice details.,,1
2a6926f8-e8b4-4922-97cd-f27202954486,2026-08-11T09:47:06.194,venkata.manisha@ext.dialog.lk,2026-08-11T09:47:06.194,venkata.manisha@ext.dialog.lk,STP-000141,NON_PO_SITE_SHARE_LIABILITY,,96999a76-1bd0-4bec-a032-251abe9c8d44,Brainbox Ariba,3,Non-PO LoA approval,Non-PO LoA approval for the invoices.,,1
cfaaee93-13f3-4d3b-a43a-010ecf73d158,2026-08-11T09:47:23.245,venkata.manisha@ext.dialog.lk,2026-08-11T09:47:23.245,venkata.manisha@ext.dialog.lk,STP-000142,NON_PO_SITE_SHARE_LIABILITY,,96999a76-1bd0-4bec-a032-251abe9c8d44,Brainbox Ariba,4,IV Confirmation and Document Archiving,IV Confirmation and Document Archiving,,1
9aaa2147-3a93-4a8e-b573-723633043b45,2026-08-11T09:47:56.574,venkata.manisha@ext.dialog.lk,2026-08-11T09:47:56.574,venkata.manisha@ext.dialog.lk,STP-000143,NON_PO_SITE_SHARE_LIABILITY,,96999a76-1bd0-4bec-a032-251abe9c8d44,Brainbox Ariba,5,Quality check,Quality check,,1
6dd34cd1-314c-4e42-8b4d-5ac608711a02,2026-08-11T09:52:41.587,venkata.manisha@ext.dialog.lk,2026-08-11T09:52:41.587,venkata.manisha@ext.dialog.lk,STP-000145,NON_PO_SITE_SHARING_SETOFF,,96999a76-1bd0-4bec-a032-251abe9c8d44,Brainbox Ariba,2,HOD Approval,HOD Approval,,1
0621ab75-0c91-4976-9c44-092bda5e5a91,2026-08-11T09:53:03.987,venkata.manisha@ext.dialog.lk,2026-08-11T09:53:03.987,venkata.manisha@ext.dialog.lk,STP-000146,NON_PO_SITE_SHARING_SETOFF,,96999a76-1bd0-4bec-a032-251abe9c8d44,Brainbox Ariba,3,IV Confirmation and Document Archiving,IV Confirmation and Document Archiving,,1
54f3e020-9eb2-473d-b0e2-4c845f0f5f06,2026-08-11T09:53:39.686,venkata.manisha@ext.dialog.lk,2026-08-11T09:53:39.686,venkata.manisha@ext.dialog.lk,STP-000147,NON_PO_SITE_SHARING_SETOFF,,96999a76-1bd0-4bec-a032-251abe9c8d44,Brainbox Ariba,4,Quality Check,Quality Check,,1
06fbd44f-7231-41f6-8287-ca72196aa0f4,2026-08-11T09:53:58.5,venkata.manisha@ext.dialog.lk,2026-08-11T09:53:58.5,venkata.manisha@ext.dialog.lk,STP-000148,NON_PO_SITE_SHARING_SETOFF,,96999a76-1bd0-4bec-a032-251abe9c8d44,Brainbox Ariba,5,Payment completion,Payment completion,,1
24e30261-afae-4dd2-af4b-5f72f4875f30,2026-08-11T09:57:20.205,venkata.manisha@ext.dialog.lk,2026-08-11T09:57:20.205,venkata.manisha@ext.dialog.lk,STP-000149,NON_PO_SITE_RENT_TAX_INVOICE,,96999a76-1bd0-4bec-a032-251abe9c8d44,Brainbox Ariba,1,Submit invoices,Vendor submits the rent invoices. ,,1
19192c33-a863-44b2-90f3-a98c641d957b,2026-08-11T09:57:50.21,venkata.manisha@ext.dialog.lk,2026-08-11T09:57:50.21,venkata.manisha@ext.dialog.lk,STP-000150,NON_PO_SITE_RENT_TAX_INVOICE,,96999a76-1bd0-4bec-a032-251abe9c8d44,Brainbox Ariba,2,SAQ Team confirmation,The SAQ team confirms the invoice details.,,1
3a6abe82-cb09-4a28-bb31-5a57d86d776f,2026-08-11T09:58:11.752,venkata.manisha@ext.dialog.lk,2026-08-11T09:58:11.752,venkata.manisha@ext.dialog.lk,STP-000151,NON_PO_SITE_RENT_TAX_INVOICE,,96999a76-1bd0-4bec-a032-251abe9c8d44,Brainbox Ariba,3,IV Confirmation and Document Archiving,IV Confirmation and Document Archiving,,1
d09153c4-47ac-426f-bea3-b5e1f4bce31e,2026-08-11T09:59:19.955,venkata.manisha@ext.dialog.lk,2026-08-11T09:59:19.955,venkata.manisha@ext.dialog.lk,STP-000152,NON_PO_SITE_RENT_TAX_INVOICE,,96999a76-1bd0-4bec-a032-251abe9c8d44,Brainbox Ariba,4,Payment Run and Document Archiving,Payment Run and Document Archiving,,1
4ec5b9b7-9ed1-4b0b-a2fa-aa3622ea5a81,2026-08-11T09:59:45.054,venkata.manisha@ext.dialog.lk,2026-08-11T09:59:45.054,venkata.manisha@ext.dialog.lk,STP-000153,NON_PO_SITE_RENT_TAX_INVOICE,,96999a76-1bd0-4bec-a032-251abe9c8d44,Brainbox Ariba,5,Quality Check ,Quality Check ,,1
569be367-8871-4d90-840d-6e7bad2c9235,2026-08-11T10:00:09.746,venkata.manisha@ext.dialog.lk,2026-08-11T10:00:09.746,venkata.manisha@ext.dialog.lk,STP-000154,NON_PO_SITE_RENT_TAX_INVOICE,,96999a76-1bd0-4bec-a032-251abe9c8d44,Brainbox Ariba,6,Payment Completion,Payment Completion,,1
3c768c48-92d4-43fe-a5a4-34a7743b6c39,2026-08-11T10:00:41.884,venkata.manisha@ext.dialog.lk,2026-08-11T10:00:41.884,venkata.manisha@ext.dialog.lk,STP-000155,NON_PO_SITE_RENT_TAX_INVOICE,,96999a76-1bd0-4bec-a032-251abe9c8d44,Brainbox Ariba,7,Payment completed update by Vendor,Vendor acknowledges receipt and updates status,,1
5649fb7b-6419-428f-9d57-af5f7ae70b9f,2026-08-11T10:10:12.952,venkata.manisha@ext.dialog.lk,2026-08-11T10:10:12.952,venkata.manisha@ext.dialog.lk,STP-000156,DIRECT_FOREIGN_TRAVEL_REIMB,,96999a76-1bd0-4bec-a032-251abe9c8d44,Brainbox Ariba,1,User submits the request,Internal team user submits the foreign travel reimbursement. ,,1
830bfc46-d471-414b-8b9a-e3d148da8cdf,2026-08-11T10:10:38.217,venkata.manisha@ext.dialog.lk,2026-08-11T10:10:38.217,venkata.manisha@ext.dialog.lk,STP-000157,DIRECT_FOREIGN_TRAVEL_REIMB,,96999a76-1bd0-4bec-a032-251abe9c8d44,Brainbox Ariba,2,LoA Approval,LoA Approval,,1
102c6383-d2c7-4baf-8271-fce62c8624b4,2026-08-11T10:10:57.744,venkata.manisha@ext.dialog.lk,2026-08-11T10:10:57.744,venkata.manisha@ext.dialog.lk,STP-000158,DIRECT_FOREIGN_TRAVEL_REIMB,,96999a76-1bd0-4bec-a032-251abe9c8d44,Brainbox Ariba,3,IV Confirmation and Document Archiving,IV Confirmation and Document Archiving,,1
9b127643-0b31-47b2-82c7-a871bb22a015,2026-08-11T10:11:15.589,venkata.manisha@ext.dialog.lk,2026-08-11T10:11:15.589,venkata.manisha@ext.dialog.lk,STP-000159,DIRECT_FOREIGN_TRAVEL_REIMB,,96999a76-1bd0-4bec-a032-251abe9c8d44,Brainbox Ariba,4,Payment Run and Document Archiving,Payment Run and Document Archiving,,1
3530b1ff-032f-4b6d-8daf-5a7959c9a6f3,2026-08-11T10:11:33.068,venkata.manisha@ext.dialog.lk,2026-08-11T10:11:33.068,venkata.manisha@ext.dialog.lk,STP-000160,DIRECT_FOREIGN_TRAVEL_REIMB,,96999a76-1bd0-4bec-a032-251abe9c8d44,Brainbox Ariba,5,Quality Check ,Quality Check ,,1
6d04fbb9-4a7b-4cc1-a52a-9299e1a4801a,2026-08-11T10:11:54.171,venkata.manisha@ext.dialog.lk,2026-08-11T10:11:54.171,venkata.manisha@ext.dialog.lk,STP-000161,DIRECT_FOREIGN_TRAVEL_REIMB,,96999a76-1bd0-4bec-a032-251abe9c8d44,Brainbox Ariba,6,Payment Completion,Payment Completion,,1
30d68694-93d3-485e-8b93-7891ba367684,2026-08-11T10:14:10.661,venkata.manisha@ext.dialog.lk,2026-08-11T10:14:10.661,venkata.manisha@ext.dialog.lk,STP-000162,NON_PO_STAR_POINT_PAYMENTS,,96999a76-1bd0-4bec-a032-251abe9c8d44,Brainbox Ariba,1,GBC raises the request with attachment,The GBC team raises the Star Point payment request with the supporting attachment. ,,1
4426d277-1248-4803-b36e-bc3d1c8fa29d,2026-08-11T10:14:53.642,venkata.manisha@ext.dialog.lk,2026-08-11T10:14:53.642,venkata.manisha@ext.dialog.lk,STP-000163,NON_PO_STAR_POINT_PAYMENTS,,96999a76-1bd0-4bec-a032-251abe9c8d44,Brainbox Ariba,2,LOA Approval ,"LOA approval is obtained, routed to the GSD team.",,1
dfe13b9b-96f7-47c6-b64e-4c8f9a9a6dc7,2026-08-11T10:15:15.227,venkata.manisha@ext.dialog.lk,2026-08-11T10:15:15.227,venkata.manisha@ext.dialog.lk,STP-000164,NON_PO_STAR_POINT_PAYMENTS,,96999a76-1bd0-4bec-a032-251abe9c8d44,Brainbox Ariba,3,Payment Run and Document Archiving,Payment Run and Document Archiving,,1
7cda2d44-b06e-48f8-b8bd-57df7948a78f,2026-08-11T10:15:36.7,venkata.manisha@ext.dialog.lk,2026-08-11T10:15:36.7,venkata.manisha@ext.dialog.lk,STP-000165,NON_PO_STAR_POINT_PAYMENTS,,96999a76-1bd0-4bec-a032-251abe9c8d44,Brainbox Ariba,4,Quality Check,Quality Check,,1
a8f423b2-e961-43ff-908d-b23da81a6f71,2026-08-11T10:15:56.447,venkata.manisha@ext.dialog.lk,2026-08-11T10:15:56.447,venkata.manisha@ext.dialog.lk,STP-000166,NON_PO_STAR_POINT_PAYMENTS,,96999a76-1bd0-4bec-a032-251abe9c8d44,Brainbox Ariba,5,Payment Completion,Payment Completion,,1
fc5d33b9-fb32-4e29-aba9-18f0cce18286,2026-08-11T10:21:16.591,venkata.manisha@ext.dialog.lk,2026-08-11T10:21:16.591,venkata.manisha@ext.dialog.lk,STP-000167,NON_PO_MERCHANT_SETTLEMENTS,,96999a76-1bd0-4bec-a032-251abe9c8d44,Brainbox Ariba,1,User submit settlement file(s),Internal team user uploads the daily EzCash merchant settlement file(s) into BTP. ,,1
4d90e9de-9ecc-4e51-a1b5-5bcbe61261cc,2026-08-11T10:21:46.769,venkata.manisha@ext.dialog.lk,2026-08-11T10:21:46.769,venkata.manisha@ext.dialog.lk,STP-000168,NON_PO_MERCHANT_SETTLEMENTS,,96999a76-1bd0-4bec-a032-251abe9c8d44,Brainbox Ariba,2,LOA approval ,LOA approval is obtained. ,,1
e80d52f8-7202-4c85-94c2-c174b3e4f805,2026-08-11T10:22:17.242,venkata.manisha@ext.dialog.lk,2026-08-11T10:22:17.242,venkata.manisha@ext.dialog.lk,STP-000169,NON_PO_MERCHANT_SETTLEMENTS,,96999a76-1bd0-4bec-a032-251abe9c8d44,Brainbox Ariba,3,Document Archiving,PR team,,1
ddc47ea7-3ba6-4772-8aa4-213320cc3216,2026-08-11T10:22:37.817,venkata.manisha@ext.dialog.lk,2026-08-11T10:22:37.817,venkata.manisha@ext.dialog.lk,STP-000170,NON_PO_MERCHANT_SETTLEMENTS,,96999a76-1bd0-4bec-a032-251abe9c8d44,Brainbox Ariba,4,Quality Check,Quality Check,,1
b56abc78-94ef-4a30-a3ad-cfb718a357c8,2026-08-11T10:22:59.647,venkata.manisha@ext.dialog.lk,2026-08-11T10:22:59.647,venkata.manisha@ext.dialog.lk,STP-000171,NON_PO_MERCHANT_SETTLEMENTS,,96999a76-1bd0-4bec-a032-251abe9c8d44,Brainbox Ariba,5,Payment Completion,Payment Completion,,1
20ace3c8-cbc7-4e2e-8256-df1c3fa6da3d,2026-08-11T10:23:43.505,venkata.manisha@ext.dialog.lk,2026-08-11T10:23:43.505,venkata.manisha@ext.dialog.lk,STP-000172,NON_PO_MISC_RECEIPTS,,96999a76-1bd0-4bec-a032-251abe9c8d44,Brainbox Ariba,1,User submits request,Internal team user submits the miscellaneous receipt request. ,,1
73166929-ba6e-4ea0-8160-b74bed077a06,2026-08-11T10:24:14.725,venkata.manisha@ext.dialog.lk,2026-08-11T10:24:14.725,venkata.manisha@ext.dialog.lk,STP-000173,NON_PO_MISC_RECEIPTS,,96999a76-1bd0-4bec-a032-251abe9c8d44,Brainbox Ariba,2,GFA Team Confirmation,The GFA team confirms the deposit with GL.,,1
97e5ec31-42fa-4c1f-be65-c6f725012298,2026-08-11T10:24:38.52,venkata.manisha@ext.dialog.lk,2026-08-11T10:24:38.52,venkata.manisha@ext.dialog.lk,STP-000174,NON_PO_MISC_RECEIPTS,,96999a76-1bd0-4bec-a032-251abe9c8d44,Brainbox Ariba,3,Raise Receipt in SAP,Raise Receipt in SAP,,1
fcedca12-95bd-429c-951f-a4b29b472a4b,2026-08-11T10:24:56.802,venkata.manisha@ext.dialog.lk,2026-08-11T10:24:56.802,venkata.manisha@ext.dialog.lk,STP-000175,NON_PO_MISC_RECEIPTS,,96999a76-1bd0-4bec-a032-251abe9c8d44,Brainbox Ariba,4,Quality Check,Quality Check,,1
a8e0e736-49d8-417d-a2e4-21ab69a882d3,2026-08-11T10:25:22.272,venkata.manisha@ext.dialog.lk,2026-08-11T10:25:22.272,venkata.manisha@ext.dialog.lk,STP-000176,NON_PO_MISC_RECEIPTS,,96999a76-1bd0-4bec-a032-251abe9c8d44,Brainbox Ariba,5,Receipt completion,Receipt completion,,1
df2049fe-a914-4844-8a56-6b20dd7f1d50,2026-08-11T10:26:01.218,venkata.manisha@ext.dialog.lk,2026-08-11T10:26:01.218,venkata.manisha@ext.dialog.lk,STP-000177,PO_ZERO_IV,,96999a76-1bd0-4bec-a032-251abe9c8d44,Brainbox Ariba,1,User submits the request,The MSP (GFA / GRIR) team submits the zero-IV request,,1
d802e274-d1bf-4cb1-9efb-95f274a73431,2026-08-11T10:26:31.453,venkata.manisha@ext.dialog.lk,2026-08-11T10:26:31.453,venkata.manisha@ext.dialog.lk,STP-000178,PO_ZERO_IV,,96999a76-1bd0-4bec-a032-251abe9c8d44,Brainbox Ariba,2,IV confirmation and Document Archiving,IV confirmation and Document Archiving,,1
da503836-7adf-4ee9-8982-d9ff8808d147,2026-08-11T10:26:55.999,venkata.manisha@ext.dialog.lk,2026-08-11T10:26:55.999,venkata.manisha@ext.dialog.lk,STP-000179,PO_ZERO_IV,,96999a76-1bd0-4bec-a032-251abe9c8d44,Brainbox Ariba,3,Quality Check,Quality Check,,1
08d091d8-6e05-4737-9c9d-42b2e30a3cee,2026-08-11T10:27:18.76,venkata.manisha@ext.dialog.lk,2026-08-11T10:27:18.76,venkata.manisha@ext.dialog.lk,STP-000180,PO_ZERO_IV,,96999a76-1bd0-4bec-a032-251abe9c8d44,Brainbox Ariba,4,Payment Completion,Payment Completion,,1
2152bd09-12f2-40fd-aa04-662dc77e77fc,2026-08-11T10:28:12.025,venkata.manisha@ext.dialog.lk,2026-08-11T10:28:12.025,venkata.manisha@ext.dialog.lk,STP-000181,BANK_GUARANTEE,,96999a76-1bd0-4bec-a032-251abe9c8d44,Brainbox Ariba,1,User submits the request,Internal team user submits the bank guarantee request in BTP. ,,1
89eba282-46e0-4564-93a8-7df5da265f2b,2026-08-11T10:28:39.14,venkata.manisha@ext.dialog.lk,2026-08-11T10:28:39.14,venkata.manisha@ext.dialog.lk,STP-000182,BANK_GUARANTEE,,96999a76-1bd0-4bec-a032-251abe9c8d44,Brainbox Ariba,2,LOA Approval,LOA Approval,,1
66e6bea4-2f29-432d-967d-42c0c63bb9e3,2026-08-11T10:28:59.801,venkata.manisha@ext.dialog.lk,2026-08-11T10:28:59.801,venkata.manisha@ext.dialog.lk,STP-000183,BANK_GUARANTEE,,96999a76-1bd0-4bec-a032-251abe9c8d44,Brainbox Ariba,3,Process BG,Process BG,,1
1a11835b-c688-45f7-9469-66c1b3d04624,2026-08-11T10:29:18.205,venkata.manisha@ext.dialog.lk,2026-08-11T10:29:18.205,venkata.manisha@ext.dialog.lk,STP-000184,BANK_GUARANTEE,,96999a76-1bd0-4bec-a032-251abe9c8d44,Brainbox Ariba,4,Quality Check,Quality Check,,1
047cb7cf-d537-4913-ab01-7f6f32acb037,2026-08-11T10:29:42.166,venkata.manisha@ext.dialog.lk,2026-08-11T10:29:42.166,venkata.manisha@ext.dialog.lk,STP-000185,BANK_GUARANTEE,,96999a76-1bd0-4bec-a032-251abe9c8d44,Brainbox Ariba,5,Payment Completion,Payment Completion,,1
69cc02bc-290f-4760-bf04-723a85b676d3,2026-08-11T10:36:23.547,venkata.manisha@ext.dialog.lk,2026-08-11T10:36:23.547,venkata.manisha@ext.dialog.lk,STP-000186,NON_PO_SITE_SHARING_SETOFF&PAY,,96999a76-1bd0-4bec-a032-251abe9c8d44,Brainbox Ariba,1,Credit team initiates request with balance transfer details,"Credit team initiates the request capturing the balance transfer details. 
Input: set off and payment
",,1
8834387d-679b-4291-b85f-56a4d94c80ac,2026-08-11T10:36:52.418,venkata.manisha@ext.dialog.lk,2026-08-11T10:36:52.418,venkata.manisha@ext.dialog.lk,STP-000187,NON_PO_SITE_SHARING_SETOFF&PAY,,96999a76-1bd0-4bec-a032-251abe9c8d44,Brainbox Ariba,2,HOD Approval,HOD Approval,,1
54edebb6-10c7-482d-9acf-154d2c727d44,2026-08-11T10:37:06.73,venkata.manisha@ext.dialog.lk,2026-08-11T10:37:06.73,venkata.manisha@ext.dialog.lk,STP-000188,NON_PO_SITE_SHARING_SETOFF&PAY,,96999a76-1bd0-4bec-a032-251abe9c8d44,Brainbox Ariba,3,IV Confirmation and Document Archiving,IV Confirmation and Document Archiving,,1
9b9aee61-1e20-4956-9f2c-0d309c4e275f,2026-08-11T10:37:25.43,venkata.manisha@ext.dialog.lk,2026-08-11T10:37:25.43,venkata.manisha@ext.dialog.lk,STP-000189,NON_PO_SITE_SHARING_SETOFF&PAY,,96999a76-1bd0-4bec-a032-251abe9c8d44,Brainbox Ariba,4,Payment Run and Document Archiving,Payment Run and Document Archiving,,1
c50db9d6-8773-436d-9301-b134d157c643,2026-08-11T10:37:41.354,venkata.manisha@ext.dialog.lk,2026-08-11T10:37:41.354,venkata.manisha@ext.dialog.lk,STP-000190,NON_PO_SITE_SHARING_SETOFF&PAY,,96999a76-1bd0-4bec-a032-251abe9c8d44,Brainbox Ariba,5,Quality check,Quality check,,1
f3d9c686-9a10-4f4d-a061-866485152349,2026-08-11T10:37:57.013,venkata.manisha@ext.dialog.lk,2026-08-11T10:37:57.013,venkata.manisha@ext.dialog.lk,STP-000191,NON_PO_SITE_SHARING_SETOFF&PAY,,96999a76-1bd0-4bec-a032-251abe9c8d44,Brainbox Ariba,6,Payment Completion,Payment Completion,,1
be64678a-c85c-4c3b-8068-1572e2e5202d,2026-08-11T10:38:13.355,venkata.manisha@ext.dialog.lk,2026-08-11T10:38:13.355,venkata.manisha@ext.dialog.lk,STP-000192,NON_PO_SITE_SHARING_SETOFF&PAY,,96999a76-1bd0-4bec-a032-251abe9c8d44,Brainbox Ariba,7,Payment completed update by Vendor,Payment completed update by Vendor,,1
ccef6298-2e0c-480f-8a28-f8a32308a9b1,2026-08-11T09:52:19.493,venkata.manisha@ext.dialog.lk,2026-08-11T10:39:06.638,venkata.manisha@ext.dialog.lk,STP-000144,NON_PO_SITE_SHARING_SETOFF,,96999a76-1bd0-4bec-a032-251abe9c8d44,Brainbox Ariba,1,Credit team initiates request with balance transfer details,"Credit team initiates the request capturing the balance transfer details. 
Input: Set off only
",,1
2c8d8068-2009-4007-9eb8-8b86cb50b25e,2026-08-11T10:42:25.236,venkata.manisha@ext.dialog.lk,2026-08-11T10:42:25.236,venkata.manisha@ext.dialog.lk,STP-000193,NON_PO_SITE_RENT_MONTHLY_FILE,,96999a76-1bd0-4bec-a032-251abe9c8d44,Brainbox Ariba,1,SAQ team submits monthly Excel file ,"The SAQ team submits the payment file.
For Monthly excel: Highest monthly rental value
Based on these inputs, the LOA approval will be determined.",,1
1fd26881-96f3-4dee-8a11-4a9010a33f64,2026-08-11T10:42:55.604,venkata.manisha@ext.dialog.lk,2026-08-11T10:42:55.604,venkata.manisha@ext.dialog.lk,STP-000194,NON_PO_SITE_RENT_MONTHLY_FILE,,96999a76-1bd0-4bec-a032-251abe9c8d44,Brainbox Ariba,2,Non-PO LoA approval,"Based on the user input in the initial step, the team will be picked for LoA approval.",,1
e23f60d1-0f64-4a28-8581-51c31d089c61,2026-08-11T10:43:21.68,venkata.manisha@ext.dialog.lk,2026-08-11T10:43:21.68,venkata.manisha@ext.dialog.lk,STP-000195,NON_PO_SITE_RENT_MONTHLY_FILE,,96999a76-1bd0-4bec-a032-251abe9c8d44,Brainbox Ariba,3,IV Confirmation and Document Archiving,IV Confirmation and Document Archiving,,1
f0d4daef-559f-4d78-9254-c61f3eae9fbf,2026-08-11T10:43:41.712,venkata.manisha@ext.dialog.lk,2026-08-11T10:43:41.712,venkata.manisha@ext.dialog.lk,STP-000196,NON_PO_SITE_RENT_MONTHLY_FILE,,96999a76-1bd0-4bec-a032-251abe9c8d44,Brainbox Ariba,4,Payment Run and Document Archiving,Payment Run and Document Archiving,,1
dcdd87cf-441b-4efe-8afc-273f798953e2,2026-08-11T10:43:58.786,venkata.manisha@ext.dialog.lk,2026-08-11T10:43:58.786,venkata.manisha@ext.dialog.lk,STP-000197,NON_PO_SITE_RENT_MONTHLY_FILE,,96999a76-1bd0-4bec-a032-251abe9c8d44,Brainbox Ariba,5,Quality Check,Quality Check,,1
c939dcf3-2241-4c51-a45b-3c0e22c401f5,2026-08-11T10:44:18.637,venkata.manisha@ext.dialog.lk,2026-08-11T10:44:18.637,venkata.manisha@ext.dialog.lk,STP-000198,NON_PO_SITE_RENT_MONTHLY_FILE,,96999a76-1bd0-4bec-a032-251abe9c8d44,Brainbox Ariba,6,Payment Completion,Payment Completion,,1
6151fdc0-e991-45d3-ad90-b8cf06c42999,2026-08-11T10:46:27.246,venkata.manisha@ext.dialog.lk,2026-08-11T10:46:27.246,venkata.manisha@ext.dialog.lk,STP-000199,NON_PO_SITE_RENT_STAMP_ADHOC,,96999a76-1bd0-4bec-a032-251abe9c8d44,Brainbox Ariba,1,SAQ team submits stamp duty and Ad hoc payment file,"The SAQ team submits the payment file.
For Stamp Duty and Ad hoc : Total payable value/Highest payment value
Based on these inputs, the LOA approval will be determined.",,1
2159d9f3-5ef4-4767-9bde-39115bec6551,2026-08-11T10:46:45.741,venkata.manisha@ext.dialog.lk,2026-08-11T10:48:28.262,venkata.manisha@ext.dialog.lk,STP-000200,NON_PO_SITE_RENT_STAMP_ADHOC,,96999a76-1bd0-4bec-a032-251abe9c8d44,Brainbox Ariba,2,Non-PO LoA approval,"Based on the user input in the initial step, the team will be picked for LOA approval.",,1
14ee509a-db9a-46cb-8d83-b19657a084d5,2026-08-11T10:48:52.891,venkata.manisha@ext.dialog.lk,2026-08-11T10:48:52.891,venkata.manisha@ext.dialog.lk,STP-000201,NON_PO_SITE_RENT_STAMP_ADHOC,,96999a76-1bd0-4bec-a032-251abe9c8d44,Brainbox Ariba,3,IV Confirmation and Document Archiving,IV Confirmation and Document Archiving,,1
dfe65508-f265-4d1c-a38a-ca3cac0458a9,2026-08-11T10:49:23.296,venkata.manisha@ext.dialog.lk,2026-08-11T10:49:23.296,venkata.manisha@ext.dialog.lk,STP-000202,NON_PO_SITE_RENT_STAMP_ADHOC,,96999a76-1bd0-4bec-a032-251abe9c8d44,Brainbox Ariba,4,Payment Run and Document Archiving,Payment Run and Document Archiving,,1
29eef7e6-e05a-45a3-973f-62ab5ccebb2d,2026-08-11T10:50:32.393,venkata.manisha@ext.dialog.lk,2026-08-11T10:50:32.393,venkata.manisha@ext.dialog.lk,STP-000203,NON_PO_SITE_RENT_STAMP_ADHOC,,96999a76-1bd0-4bec-a032-251abe9c8d44,Brainbox Ariba,5,Quality Check,Quality Check,,1
2f63b933-dad9-4b97-995b-4ceabbb2a64f,2026-08-11T10:50:46.516,venkata.manisha@ext.dialog.lk,2026-08-11T10:50:46.516,venkata.manisha@ext.dialog.lk,STP-000204,NON_PO_SITE_RENT_STAMP_ADHOC,,96999a76-1bd0-4bec-a032-251abe9c8d44,Brainbox Ariba,6,Payment Completion,Payment Completion,,1
659a16ce-02ba-4473-8e8d-2037253472ae,2026-08-11T11:43:52.979,venkata.manisha@ext.dialog.lk,2026-08-11T11:43:52.979,venkata.manisha@ext.dialog.lk,STP-000205,NON_PO_IMPORT_TRC,,96999a76-1bd0-4bec-a032-251abe9c8d44,Brainbox Ariba,1,User raises the request Selects (TRC),The MSP import team raises the TRC critical advance request. ,,1
f6a8dd5f-a1c8-4111-b5b1-ed9aa012cd5b,2026-08-11T11:44:16.717,venkata.manisha@ext.dialog.lk,2026-08-11T11:44:16.717,venkata.manisha@ext.dialog.lk,STP-000206,NON_PO_IMPORT_TRC,,96999a76-1bd0-4bec-a032-251abe9c8d44,Brainbox Ariba,2,Validation and LOA Approval,LOA approval and Validation is done by the user. ,,1
405e0edf-2fc2-4ddc-a011-d0bfa46b597f,2026-08-11T11:44:42.076,venkata.manisha@ext.dialog.lk,2026-08-11T11:44:42.076,venkata.manisha@ext.dialog.lk,STP-000207,NON_PO_IMPORT_TRC,,96999a76-1bd0-4bec-a032-251abe9c8d44,Brainbox Ariba,3,LoA approval,For above 1 million (Pop up only based on the amount input),,1
60e7a743-c991-459a-94bd-36add6faf2eb,2026-08-11T11:45:00.528,venkata.manisha@ext.dialog.lk,2026-08-11T11:45:00.528,venkata.manisha@ext.dialog.lk,STP-000208,NON_PO_IMPORT_TRC,,96999a76-1bd0-4bec-a032-251abe9c8d44,Brainbox Ariba,4,IV Confirmation and Document Archiving,IV Confirmation and Document Archiving,,1
a55903d7-9bef-4264-8020-60cb232769c2,2026-08-11T11:45:21.034,venkata.manisha@ext.dialog.lk,2026-08-11T11:45:21.034,venkata.manisha@ext.dialog.lk,STP-000209,NON_PO_IMPORT_TRC,,96999a76-1bd0-4bec-a032-251abe9c8d44,Brainbox Ariba,5,Payment Run and Document Archiving,Payment Run and Document Archiving,,1
5bdfccc8-6221-4ec0-ac90-92f00345a272,2026-08-11T11:45:35.449,venkata.manisha@ext.dialog.lk,2026-08-11T11:45:35.449,venkata.manisha@ext.dialog.lk,STP-000210,NON_PO_IMPORT_TRC,,96999a76-1bd0-4bec-a032-251abe9c8d44,Brainbox Ariba,6,Quality Check,Quality Check,,1
73107375-0eaa-485c-8b61-56f2d5dcc562,2026-08-11T11:45:51.665,venkata.manisha@ext.dialog.lk,2026-08-11T11:45:51.665,venkata.manisha@ext.dialog.lk,STP-000211,NON_PO_IMPORT_TRC,,96999a76-1bd0-4bec-a032-251abe9c8d44,Brainbox Ariba,7,Payment Completion,Payment Completion,,1
e4149227-8ca5-45ef-b30d-57c8337f8cf0,2026-08-11T11:46:07.881,venkata.manisha@ext.dialog.lk,2026-08-11T11:46:07.881,venkata.manisha@ext.dialog.lk,STP-000212,NON_PO_IMPORT_TRC,,96999a76-1bd0-4bec-a032-251abe9c8d44,Brainbox Ariba,8,GRN confirmation and submit settlement request,GRN confirmation and submit settlement request,,1
6a468357-df66-49fe-94de-628b18a0068f,2026-08-11T11:46:26.876,venkata.manisha@ext.dialog.lk,2026-08-11T11:46:26.876,venkata.manisha@ext.dialog.lk,STP-000213,NON_PO_IMPORT_TRC,,96999a76-1bd0-4bec-a032-251abe9c8d44,Brainbox Ariba,9,Advance clearance and document archival,Advance clearance and document archival,,1
425ecc1c-eb51-4f4b-a259-b16aec3ad261,2026-08-11T11:47:08.167,venkata.manisha@ext.dialog.lk,2026-08-11T11:47:08.167,venkata.manisha@ext.dialog.lk,STP-000214,NON_PO_IMPORT_TRC,,96999a76-1bd0-4bec-a032-251abe9c8d44,Brainbox Ariba,10,Quality Check,Quality Check,,1
9f92fd7a-7a57-4c03-b8ab-519c0b777d00,2026-08-11T11:47:26.273,venkata.manisha@ext.dialog.lk,2026-08-11T11:47:26.273,venkata.manisha@ext.dialog.lk,STP-000215,NON_PO_IMPORT_TRC,,96999a76-1bd0-4bec-a032-251abe9c8d44,Brainbox Ariba,11,Payment Completion,Payment Completion,,1
01883a7a-2c48-4c8e-80e9-684006a90895,2026-08-11T11:50:19.158,venkata.manisha@ext.dialog.lk,2026-08-11T11:50:19.158,venkata.manisha@ext.dialog.lk,STP-000216,NON_PO_IMPORT_ICL,,96999a76-1bd0-4bec-a032-251abe9c8d44,Brainbox Ariba,1,User raises the request Selects (ICL),The MSP import team raises the ICL critical advance request. ,,1
dfc257d9-58db-4c4e-b38d-85425259e8a3,2026-08-11T11:50:53.266,venkata.manisha@ext.dialog.lk,2026-08-11T11:50:53.266,venkata.manisha@ext.dialog.lk,STP-000217,NON_PO_IMPORT_ICL,,96999a76-1bd0-4bec-a032-251abe9c8d44,Brainbox Ariba,2,Validation and LOA Approval,LOA approval and Validation is done by the user. ,,1
d8a78751-e3e9-43a5-b47d-cb93e6ac68e3,2026-08-11T11:51:19.141,venkata.manisha@ext.dialog.lk,2026-08-11T11:51:19.141,venkata.manisha@ext.dialog.lk,STP-000218,NON_PO_IMPORT_ICL,,96999a76-1bd0-4bec-a032-251abe9c8d44,Brainbox Ariba,3,LoA approval,For above 1 million (Pop up only based on the amount input),,1
448c86fc-b525-461f-b178-f8d8b7bb78e9,2026-08-11T11:51:35.401,venkata.manisha@ext.dialog.lk,2026-08-11T11:51:35.401,venkata.manisha@ext.dialog.lk,STP-000219,NON_PO_IMPORT_ICL,,96999a76-1bd0-4bec-a032-251abe9c8d44,Brainbox Ariba,4,IV Confirmation and Document Archiving,IV Confirmation and Document Archiving,,1
902d3be9-fb11-40cb-b772-578de096fa4c,2026-08-11T11:51:56.547,venkata.manisha@ext.dialog.lk,2026-08-11T11:51:56.547,venkata.manisha@ext.dialog.lk,STP-000220,NON_PO_IMPORT_ICL,,96999a76-1bd0-4bec-a032-251abe9c8d44,Brainbox Ariba,5,Payment Run and Document Archiving,Payment Run and Document Archiving,,1
81b0dab5-0810-4013-b3c1-9769a45088dd,2026-08-11T11:52:21.146,venkata.manisha@ext.dialog.lk,2026-08-11T11:52:21.146,venkata.manisha@ext.dialog.lk,STP-000221,NON_PO_IMPORT_ICL,,96999a76-1bd0-4bec-a032-251abe9c8d44,Brainbox Ariba,6,Quality Check,Quality Check,,1
6c0c3254-ec18-4cf2-8e2e-7eeaa71214f6,2026-08-11T11:52:34.584,venkata.manisha@ext.dialog.lk,2026-08-11T11:52:34.584,venkata.manisha@ext.dialog.lk,STP-000222,NON_PO_IMPORT_ICL,,96999a76-1bd0-4bec-a032-251abe9c8d44,Brainbox Ariba,7,Payment Completion,Payment Completion,,1
8bc5c2b2-bda2-49b9-b60a-be3736bb7697,2026-08-11T11:52:50.704,venkata.manisha@ext.dialog.lk,2026-08-11T11:52:50.704,venkata.manisha@ext.dialog.lk,STP-000223,NON_PO_IMPORT_ICL,,96999a76-1bd0-4bec-a032-251abe9c8d44,Brainbox Ariba,8,Add collector details,Add collector details,,1
d44fdcae-80bc-41e5-af4a-ba71d00486d0,2026-08-11T11:53:07.288,venkata.manisha@ext.dialog.lk,2026-08-11T11:53:07.288,venkata.manisha@ext.dialog.lk,STP-000224,NON_PO_IMPORT_ICL,,96999a76-1bd0-4bec-a032-251abe9c8d44,Brainbox Ariba,9,GRN confirmation and submit settlement request,GRN confirmation and submit settlement request,,1
69342df6-10a5-488e-b071-74ee72524050,2026-08-11T11:53:25.552,venkata.manisha@ext.dialog.lk,2026-08-11T11:53:25.552,venkata.manisha@ext.dialog.lk,STP-000225,NON_PO_IMPORT_ICL,,96999a76-1bd0-4bec-a032-251abe9c8d44,Brainbox Ariba,10,Advance clearance and document archival,Advance clearance and document archival,,1
c782b3f9-8c74-4f39-9ea9-4cbbe64716e7,2026-08-11T11:54:59.665,venkata.manisha@ext.dialog.lk,2026-08-11T11:54:59.665,venkata.manisha@ext.dialog.lk,STP-000226,NON_PO_IMPORT_ICL,,96999a76-1bd0-4bec-a032-251abe9c8d44,Brainbox Ariba,11,Quality Check,Quality Check,,1
b7ec3d29-4286-4855-bb56-a714e2aebb0f,2026-08-11T11:55:16.679,venkata.manisha@ext.dialog.lk,2026-08-11T11:55:16.679,venkata.manisha@ext.dialog.lk,STP-000227,NON_PO_IMPORT_ICL,,96999a76-1bd0-4bec-a032-251abe9c8d44,Brainbox Ariba,12,Payment Completion,Payment Completion,,1
8bcdb49f-e110-404d-ad43-e09a276cd416,2026-08-11T12:17:33.745,venkata.manisha@ext.dialog.lk,2026-08-11T12:17:33.745,venkata.manisha@ext.dialog.lk,STP-000228,NON_PO_INTERCONNECT_LIAB,,96999a76-1bd0-4bec-a032-251abe9c8d44,Brainbox Ariba,1,User division submits request (selects Interconnection),The user division submits the liability booking request. ,,1
44d1e89d-755a-41a6-8f1c-f26846545da5,2026-08-11T12:18:11.044,venkata.manisha@ext.dialog.lk,2026-08-11T12:18:11.044,venkata.manisha@ext.dialog.lk,STP-000229,NON_PO_INTERCONNECT_LIAB,,96999a76-1bd0-4bec-a032-251abe9c8d44,Brainbox Ariba,2,LOA Approval,LoA approval is obtained for liability booking.,,1
ee1313dc-c431-4558-9852-dfbd6b4b322d,2026-08-11T12:18:30.838,venkata.manisha@ext.dialog.lk,2026-08-11T12:18:30.838,venkata.manisha@ext.dialog.lk,STP-000230,NON_PO_INTERCONNECT_LIAB,,96999a76-1bd0-4bec-a032-251abe9c8d44,Brainbox Ariba,3,IV Confirmation and Document Archiving,IV Confirmation and Document Archiving,,1
80dbe34b-34da-4beb-85c9-11255e0d7948,2026-08-11T12:18:46.586,venkata.manisha@ext.dialog.lk,2026-08-11T12:18:46.586,venkata.manisha@ext.dialog.lk,STP-000231,NON_PO_INTERCONNECT_LIAB,,96999a76-1bd0-4bec-a032-251abe9c8d44,Brainbox Ariba,4,Quality Check,Quality Check,,1
566de406-1b2a-4b14-a4bf-61a24cad63da,2026-08-11T12:19:04.218,venkata.manisha@ext.dialog.lk,2026-08-11T12:19:04.218,venkata.manisha@ext.dialog.lk,STP-000232,NON_PO_INTERCONNECT_LIAB,,96999a76-1bd0-4bec-a032-251abe9c8d44,Brainbox Ariba,5,Payment completion,The I2P team submits the reference number.,,1
3ebfbb91-3efc-4ff0-a6d0-ffd5bc6a2513,2026-08-11T12:20:39.658,venkata.manisha@ext.dialog.lk,2026-08-11T12:21:45.929,venkata.manisha@ext.dialog.lk,STP-000233,NON_PO_ROAMING_LIABILITY,,96999a76-1bd0-4bec-a032-251abe9c8d44,Brainbox Ariba,1,User division submits request (selects Roaming),The user division submits the liability booking request.,,1
20316f66-1cdb-4af4-86d0-4eaa35eec0f1,2026-08-11T12:22:39.429,venkata.manisha@ext.dialog.lk,2026-08-11T12:22:39.429,venkata.manisha@ext.dialog.lk,STP-000234,NON_PO_ROAMING_LIABILITY,,96999a76-1bd0-4bec-a032-251abe9c8d44,Brainbox Ariba,2,LOA Approval,LoA approval is obtained for liability booking.,,1
3f0cf53a-627d-40ab-b2f8-c32829dbcdcc,2026-08-11T12:23:06.015,venkata.manisha@ext.dialog.lk,2026-08-11T12:23:06.015,venkata.manisha@ext.dialog.lk,STP-000235,NON_PO_ROAMING_LIABILITY,,96999a76-1bd0-4bec-a032-251abe9c8d44,Brainbox Ariba,3,IV Confirmation and Document Archiving,IV Confirmation and Document Archiving,,1
6d648e5e-4718-42e9-8b30-e9718ee55c5e,2026-08-11T12:23:34.631,venkata.manisha@ext.dialog.lk,2026-08-11T12:23:34.631,venkata.manisha@ext.dialog.lk,STP-000236,NON_PO_ROAMING_LIABILITY,,96999a76-1bd0-4bec-a032-251abe9c8d44,Brainbox Ariba,4,Quality Check,Quality Check,,1
207cb465-315e-4d14-8284-653090f3ee43,2026-08-11T12:23:59.524,venkata.manisha@ext.dialog.lk,2026-08-11T12:23:59.524,venkata.manisha@ext.dialog.lk,STP-000237,NON_PO_ROAMING_LIABILITY,,96999a76-1bd0-4bec-a032-251abe9c8d44,Brainbox Ariba,5,Payment completion,The I2P team submits the reference number.,,1
edc95f1d-a67e-4054-9d3a-85c3d34e2ba7,2026-08-11T12:27:02.989,venkata.manisha@ext.dialog.lk,2026-08-11T12:27:02.989,venkata.manisha@ext.dialog.lk,STP-000238,NON_PO_INTERCONNECT_ROAM_PAY,,96999a76-1bd0-4bec-a032-251abe9c8d44,Brainbox Ariba,1,Credit team submits payment request (selects Interconnection and Roaming),The Credit team submits the payment request. ,,1
14d7b05b-b0d1-4b2a-8ee6-dad1a5212264,2026-08-11T12:27:24.678,venkata.manisha@ext.dialog.lk,2026-08-11T12:27:24.678,venkata.manisha@ext.dialog.lk,STP-000239,NON_PO_INTERCONNECT_ROAM_PAY,,96999a76-1bd0-4bec-a032-251abe9c8d44,Brainbox Ariba,2,Validation by Dialog credit team ,The Dialog credit team validates the request. Pass routes to UD Head Approval; fail routes to Request for Additional info.,,1
ef4fac69-6bc2-4684-902a-8443168eb056,2026-08-11T12:27:49.238,venkata.manisha@ext.dialog.lk,2026-08-11T12:27:49.238,venkata.manisha@ext.dialog.lk,STP-000240,NON_PO_INTERCONNECT_ROAM_PAY,,96999a76-1bd0-4bec-a032-251abe9c8d44,Brainbox Ariba,3,Routes to UD Head Approval,On a successful validation the request is routed to UD Head approval.,,1
cf2ebddd-1667-43f8-be59-9ce57b8fb71b,2026-08-11T12:29:10.596,venkata.manisha@ext.dialog.lk,2026-08-11T12:29:10.596,venkata.manisha@ext.dialog.lk,STP-000241,NON_PO_INTERCONNECT_ROAM_PAY,,96999a76-1bd0-4bec-a032-251abe9c8d44,Brainbox Ariba,4,Document verification and Archival,Document verification and Archival,,1
8f03f82a-c065-44a5-95f8-7f61768a6113,2026-08-11T12:30:00.322,venkata.manisha@ext.dialog.lk,2026-08-11T12:30:00.322,venkata.manisha@ext.dialog.lk,STP-000242,NON_PO_INTERCONNECT_ROAM_PAY,,96999a76-1bd0-4bec-a032-251abe9c8d44,Brainbox Ariba,5,Payment Run and Document Archiving,Payment Run and Document Archiving,,1
7241d6ad-cdce-4bb6-9b13-9e438efc2a29,2026-08-11T12:30:14.794,venkata.manisha@ext.dialog.lk,2026-08-11T12:30:14.794,venkata.manisha@ext.dialog.lk,STP-000243,NON_PO_INTERCONNECT_ROAM_PAY,,96999a76-1bd0-4bec-a032-251abe9c8d44,Brainbox Ariba,6,Quality Check,Quality Check,,1
c3ceb0f4-332a-4a02-9d76-4e54c9608104,2026-08-11T12:30:31.888,venkata.manisha@ext.dialog.lk,2026-08-11T12:30:49.594,venkata.manisha@ext.dialog.lk,STP-000244,NON_PO_INTERCONNECT_ROAM_PAY,,96999a76-1bd0-4bec-a032-251abe9c8d44,Brainbox Ariba,7,Payment Completion,Payment voucher reference.,,1
673cf1c7-388b-4b30-92ce-3360c72d315a,2026-08-11T12:53:17.571,venkata.manisha@ext.dialog.lk,2026-08-11T12:53:17.571,venkata.manisha@ext.dialog.lk,STP-000245,NON_PO_CC_PAYMENT,,96999a76-1bd0-4bec-a032-251abe9c8d44,Brainbox Ariba,1,User submits the request with WHT Clearance,Internal team user submits the credit card settlement request with WHT clearance. Mandatory input will be filled by user for WHT.,,1
7c3121cd-0f05-429a-9f36-5c456f996ce2,2026-08-11T12:53:41.623,venkata.manisha@ext.dialog.lk,2026-08-11T12:53:41.623,venkata.manisha@ext.dialog.lk,STP-000246,NON_PO_CC_PAYMENT,,96999a76-1bd0-4bec-a032-251abe9c8d44,Brainbox Ariba,2,LOA Approval,LOA approval is obtained.,,1
038a53c4-a338-4ae7-85e6-356d9b8537de,2026-08-11T12:53:59.767,venkata.manisha@ext.dialog.lk,2026-08-11T12:53:59.767,venkata.manisha@ext.dialog.lk,STP-000247,NON_PO_CC_PAYMENT,,96999a76-1bd0-4bec-a032-251abe9c8d44,Brainbox Ariba,3,Payment confirmation by CC Custodian,The Credit Card Custodian confirms the payment.,,1
8622c196-db0a-41b7-a044-4176fd5067cb,2026-08-11T12:54:23.893,venkata.manisha@ext.dialog.lk,2026-08-11T12:54:23.893,venkata.manisha@ext.dialog.lk,STP-000248,NON_PO_CC_SETTLEMENT,,96999a76-1bd0-4bec-a032-251abe9c8d44,Brainbox Ariba,1,CC Custodian submits CC settlement request ,"The CC Custodian submits the settlement request. Where an SES or other supporting documents are not available, a task is raised to the user to provide them before processing continues.",,1
5ff1b06d-1e57-4a81-bd15-85ba2692ec14,2026-08-11T12:56:00.475,venkata.manisha@ext.dialog.lk,2026-08-11T12:56:00.475,venkata.manisha@ext.dialog.lk,STP-000249,NON_PO_CC_SETTLEMENT,,96999a76-1bd0-4bec-a032-251abe9c8d44,Brainbox Ariba,2,Payment Approval,Payment Approval,,1
64a9cba9-8345-4329-b975-9c05db7324bb,2026-08-11T12:56:22.902,venkata.manisha@ext.dialog.lk,2026-08-11T12:56:22.902,venkata.manisha@ext.dialog.lk,STP-000250,NON_PO_CC_SETTLEMENT,,96999a76-1bd0-4bec-a032-251abe9c8d44,Brainbox Ariba,3,IV Confirmation and Document Archiving,IV Confirmation and Document Archiving,,1
3e9d2b41-d6fc-4cdb-bcd2-d8c1c4120c25,2026-08-11T12:56:38.339,venkata.manisha@ext.dialog.lk,2026-08-11T12:56:38.339,venkata.manisha@ext.dialog.lk,STP-000251,NON_PO_CC_SETTLEMENT,,96999a76-1bd0-4bec-a032-251abe9c8d44,Brainbox Ariba,4,Payment Run and Document Archiving,Payment Run and Document Archiving,,1
ee079590-6aa7-4a9c-b406-4503610cf32f,2026-08-11T12:57:09.677,venkata.manisha@ext.dialog.lk,2026-08-11T12:57:09.677,venkata.manisha@ext.dialog.lk,STP-000252,NON_PO_CC_SETTLEMENT,,96999a76-1bd0-4bec-a032-251abe9c8d44,Brainbox Ariba,5,Quality Check,Quality Check,,1
adac50a8-da8a-4c68-bd15-32c923b83369,2026-08-11T12:57:23.733,venkata.manisha@ext.dialog.lk,2026-08-11T12:57:23.733,venkata.manisha@ext.dialog.lk,STP-000253,NON_PO_CC_SETTLEMENT,,96999a76-1bd0-4bec-a032-251abe9c8d44,Brainbox Ariba,6,Payment Completion,Payment Completion,,1
52e02e85-d3bd-4284-9847-b83b5c82bd46,2026-08-11T13:04:24.314,venkata.manisha@ext.dialog.lk,2026-08-11T13:04:24.314,venkata.manisha@ext.dialog.lk,STP-000254,NON_PO_IMPORT_DGC-ADV,,96999a76-1bd0-4bec-a032-251abe9c8d44,Brainbox Ariba,1,User raises the request Selects (DGC Advance),The MSP import team raises the DGC advance request. ,,1
4a76bafd-e939-48fb-b361-092b287f9e4a,2026-08-11T13:06:19.302,venkata.manisha@ext.dialog.lk,2026-08-11T13:06:19.302,venkata.manisha@ext.dialog.lk,STP-000255,NON_PO_IMPORT_DGC-ADV,,96999a76-1bd0-4bec-a032-251abe9c8d44,Brainbox Ariba,2,Validation and LOA Approval,LOA approval and Validation is done by the user. ,,1
f8d36862-7bb4-41b3-8cc8-1b1aaa7da79e,2026-08-11T13:06:55.272,venkata.manisha@ext.dialog.lk,2026-08-11T13:06:55.272,venkata.manisha@ext.dialog.lk,STP-000256,NON_PO_IMPORT_DGC-ADV,,96999a76-1bd0-4bec-a032-251abe9c8d44,Brainbox Ariba,3,LoA approval,For above 1 million (Pop up only based on the amount input),,1
b9ce055f-aab8-42a5-9ba1-273548a5850b,2026-08-11T13:07:14.681,venkata.manisha@ext.dialog.lk,2026-08-11T13:07:14.681,venkata.manisha@ext.dialog.lk,STP-000257,NON_PO_IMPORT_DGC-ADV,,96999a76-1bd0-4bec-a032-251abe9c8d44,Brainbox Ariba,4,IV Confirmation and Document Archiving,IV Confirmation and Document Archiving,,1
9306e725-9483-44a2-a063-0ceb05b32b69,2026-08-11T13:07:33.872,venkata.manisha@ext.dialog.lk,2026-08-11T13:07:33.872,venkata.manisha@ext.dialog.lk,STP-000258,NON_PO_IMPORT_DGC-ADV,,96999a76-1bd0-4bec-a032-251abe9c8d44,Brainbox Ariba,5,Payment Run and Document Archiving,Payment Run and Document Archiving,,1
f4d36bf8-ea8c-4e24-ac5c-f5c60d6370d0,2026-08-11T13:07:59,venkata.manisha@ext.dialog.lk,2026-08-11T13:07:59,venkata.manisha@ext.dialog.lk,STP-000259,NON_PO_IMPORT_DGC-ADV,,96999a76-1bd0-4bec-a032-251abe9c8d44,Brainbox Ariba,6,Quality Check,Quality Check,,1
ca9d5059-9225-42a3-b2a3-8addab7fd7e2,2026-08-11T13:08:26.689,venkata.manisha@ext.dialog.lk,2026-08-11T13:08:26.689,venkata.manisha@ext.dialog.lk,STP-000260,NON_PO_IMPORT_DGC-ADV,,96999a76-1bd0-4bec-a032-251abe9c8d44,Brainbox Ariba,7,Payment Completion,Payment Completion,,1
6f794fce-53c1-4192-834e-c8e1a04966a3,2026-08-11T13:08:50.204,venkata.manisha@ext.dialog.lk,2026-08-11T13:08:50.204,venkata.manisha@ext.dialog.lk,STP-000261,NON_PO_IMPORT_DGC-ADV,,96999a76-1bd0-4bec-a032-251abe9c8d44,Brainbox Ariba,8,GRN confirmation and submit settlement request,GRN confirmation and submit settlement request,,1
f2654797-b7a7-4e6f-b33e-ee3d46a12bd3,2026-08-11T13:09:07.554,venkata.manisha@ext.dialog.lk,2026-08-11T13:09:07.554,venkata.manisha@ext.dialog.lk,STP-000262,NON_PO_IMPORT_DGC-ADV,,96999a76-1bd0-4bec-a032-251abe9c8d44,Brainbox Ariba,9,Advance clearance and document archival,Advance clearance and document archival,,1
73fb3b32-a45f-4360-9712-5d019e7f17a4,2026-08-11T13:09:24.36,venkata.manisha@ext.dialog.lk,2026-08-11T13:09:24.36,venkata.manisha@ext.dialog.lk,STP-000263,NON_PO_IMPORT_DGC-ADV,,96999a76-1bd0-4bec-a032-251abe9c8d44,Brainbox Ariba,10,Quality Check,Quality Check,,1
46ddaf3f-50f5-4537-aeb7-406e262d37e2,2026-08-11T13:10:47.701,venkata.manisha@ext.dialog.lk,2026-08-11T13:10:47.701,venkata.manisha@ext.dialog.lk,STP-000264,NON_PO_IMPORT_DGC-ADV,,96999a76-1bd0-4bec-a032-251abe9c8d44,Brainbox Ariba,11,Payment Completion,Payment Completion,,1
485c5c1a-e508-4c13-a4dd-03c29c0c3365,2026-08-11T13:12:04.644,venkata.manisha@ext.dialog.lk,2026-08-11T13:12:04.644,venkata.manisha@ext.dialog.lk,STP-000265,NON_PO_IMPORT_DGC-DIRECT,,96999a76-1bd0-4bec-a032-251abe9c8d44,Brainbox Ariba,1,User raises the request Selects (DGC Direct),The MSP import team raises the DGC Direct request. ,,1
d7edaf15-e4f5-4da2-8d70-a7522b9235a6,2026-08-11T13:12:39.214,venkata.manisha@ext.dialog.lk,2026-08-11T13:12:39.214,venkata.manisha@ext.dialog.lk,STP-000266,NON_PO_IMPORT_DGC-DIRECT,,96999a76-1bd0-4bec-a032-251abe9c8d44,Brainbox Ariba,2,Validation and LOA Approval,LOA approval and Validation is done by the user. ,,1
2baf5fa1-f1c5-4331-8fc3-24221532951b,2026-08-11T13:12:59.06,venkata.manisha@ext.dialog.lk,2026-08-11T13:12:59.06,venkata.manisha@ext.dialog.lk,STP-000267,NON_PO_IMPORT_DGC-DIRECT,,96999a76-1bd0-4bec-a032-251abe9c8d44,Brainbox Ariba,3,LoA approval,For above 1 million (Pop up only based on the amount input),,1
caccab4f-35b4-4e29-9138-31163fd8b778,2026-08-11T13:13:18.689,venkata.manisha@ext.dialog.lk,2026-08-11T13:13:18.689,venkata.manisha@ext.dialog.lk,STP-000268,NON_PO_IMPORT_DGC-DIRECT,,96999a76-1bd0-4bec-a032-251abe9c8d44,Brainbox Ariba,4,IV Confirmation and Document Archiving,IV Confirmation and Document Archiving,,1
9d1a8bbd-763d-47dc-aee0-b048c15a595d,2026-08-11T13:13:32.805,venkata.manisha@ext.dialog.lk,2026-08-11T13:13:32.805,venkata.manisha@ext.dialog.lk,STP-000269,NON_PO_IMPORT_DGC-DIRECT,,96999a76-1bd0-4bec-a032-251abe9c8d44,Brainbox Ariba,5,Payment Run and Document Archiving,Payment Run and Document Archiving,,1
ee83e6a8-32c4-4214-ac63-17d211505aa7,2026-08-11T13:13:46.783,venkata.manisha@ext.dialog.lk,2026-08-11T13:13:46.783,venkata.manisha@ext.dialog.lk,STP-000270,NON_PO_IMPORT_DGC-DIRECT,,96999a76-1bd0-4bec-a032-251abe9c8d44,Brainbox Ariba,6,Quality Check,Quality Check,,1
4747e15c-573b-4ee5-b442-5346f5d52d22,2026-08-11T13:14:16.688,venkata.manisha@ext.dialog.lk,2026-08-11T13:14:16.688,venkata.manisha@ext.dialog.lk,STP-000271,NON_PO_IMPORT_DGC-DIRECT,,96999a76-1bd0-4bec-a032-251abe9c8d44,Brainbox Ariba,7,Payment Completion,Payment Completion,,1
03366e0d-3fd2-4ac0-b29e-f89e4342f3c3,2026-08-11T13:25:17.25,venkata.manisha@ext.dialog.lk,2026-08-11T13:25:17.25,venkata.manisha@ext.dialog.lk,STP-000272,NON_PO_TAX_LIABILITY_PAY_OTTP,,96999a76-1bd0-4bec-a032-251abe9c8d44,Brainbox Ariba,1,Tax team submits request (selects OTTP),"The Tax team submits the request and selects the OTTP payment type. 
For HR related payments, LoA approval will be applicable. For Tax related payments, LoA approval will be applicable only for payments more than 1 million LKR.",,1
d78abd8c-de6e-426a-a066-7f99d72ca686,2026-08-11T13:25:53.444,venkata.manisha@ext.dialog.lk,2026-08-11T13:25:53.444,venkata.manisha@ext.dialog.lk,STP-000273,NON_PO_TAX_LIABILITY_PAY_OTTP,,96999a76-1bd0-4bec-a032-251abe9c8d44,Brainbox Ariba,2,Non-PO LOA Approval,LoA approval will be triggered based on the user input.,,1
4eef1b59-2e6e-410c-bf67-ae5f90034864,2026-08-11T13:26:07.842,venkata.manisha@ext.dialog.lk,2026-08-11T13:26:07.842,venkata.manisha@ext.dialog.lk,STP-000274,NON_PO_TAX_LIABILITY_PAY_OTTP,,96999a76-1bd0-4bec-a032-251abe9c8d44,Brainbox Ariba,3,IV Confirmation and Document Archiving,IV Confirmation and Document Archiving,,1
4f230808-d2cf-47c6-8b3b-267b41fb5947,2026-08-11T13:26:23.355,venkata.manisha@ext.dialog.lk,2026-08-11T13:26:23.355,venkata.manisha@ext.dialog.lk,STP-000275,NON_PO_TAX_LIABILITY_PAY_OTTP,,96999a76-1bd0-4bec-a032-251abe9c8d44,Brainbox Ariba,4,Payment Run and Document Archiving,Payment Run and Document Archiving,,1
8189628c-f424-479e-8130-b53959c6a998,2026-08-11T13:27:07.304,venkata.manisha@ext.dialog.lk,2026-08-11T13:27:07.304,venkata.manisha@ext.dialog.lk,STP-000276,NON_PO_TAX_LIABILITY_PAY_OTTP,,96999a76-1bd0-4bec-a032-251abe9c8d44,Brainbox Ariba,5,Quality Check,Quality Check,,1
00647634-cc8b-4277-a627-fdc20dd07a77,2026-08-11T13:27:30.176,venkata.manisha@ext.dialog.lk,2026-08-11T13:27:30.176,venkata.manisha@ext.dialog.lk,STP-000277,NON_PO_TAX_LIABILITY_PAY_OTTP,,96999a76-1bd0-4bec-a032-251abe9c8d44,Brainbox Ariba,6,Payment Completion,Payment Completion,,1
4afc317f-cdbc-4f2e-b0b5-53e34646de1a,2026-08-11T13:29:13.461,venkata.manisha@ext.dialog.lk,2026-08-11T13:29:13.461,venkata.manisha@ext.dialog.lk,STP-000278,NON_PO_TAX_LIAB_PAY_PAYORDER,,96999a76-1bd0-4bec-a032-251abe9c8d44,Brainbox Ariba,1,Tax team submits request (Pay Order type),"The Tax team submits the request and selects the Pay Order payment type. 
For HR related payments, LoA approval will be applicable. For Tax related payments, LoA approval will be applicable only for payments more than 1 million LKR.",,1
5ad5a1e7-6343-426d-bb64-8f3b11742e16,2026-08-11T13:29:37.7,venkata.manisha@ext.dialog.lk,2026-08-11T13:29:37.7,venkata.manisha@ext.dialog.lk,STP-000279,NON_PO_TAX_LIAB_PAY_PAYORDER,,96999a76-1bd0-4bec-a032-251abe9c8d44,Brainbox Ariba,2,Non-PO LOA Approval,LoA approval will be triggered based on the user input.,,1
bc0ecc91-4fc9-4d80-9a50-dfb447a7e2ed,2026-08-11T13:33:16.724,venkata.manisha@ext.dialog.lk,2026-08-11T13:33:16.724,venkata.manisha@ext.dialog.lk,STP-000280,NON_PO_TAX_LIAB_PAY_PAYORDER,,96999a76-1bd0-4bec-a032-251abe9c8d44,Brainbox Ariba,3,IV Confirmation and Document Archiving,IV Confirmation and Document Archiving,,1
e2905159-50e7-45af-ba34-798e9af3051d,2026-08-11T13:45:40.8,venkata.manisha@ext.dialog.lk,2026-08-11T13:45:40.8,venkata.manisha@ext.dialog.lk,STP-000281,NON_PO_TAX_LIAB_PAY_PAYORDER,,96999a76-1bd0-4bec-a032-251abe9c8d44,Brainbox Ariba,4,Payment Run and Document Archiving,Payment Run and Document Archiving,,1
e9403ed9-059e-4513-92b0-54c257bc252b,2026-08-11T13:45:54.779,venkata.manisha@ext.dialog.lk,2026-08-11T13:45:54.779,venkata.manisha@ext.dialog.lk,STP-000282,NON_PO_TAX_LIAB_PAY_PAYORDER,,96999a76-1bd0-4bec-a032-251abe9c8d44,Brainbox Ariba,5,Quality Check,Quality Check,,1
a5080cfb-403d-4ae7-a29a-5dadc6e8b57c,2026-08-11T13:46:13.852,venkata.manisha@ext.dialog.lk,2026-08-11T13:46:13.852,venkata.manisha@ext.dialog.lk,STP-000283,NON_PO_TAX_LIAB_PAY_PAYORDER,,96999a76-1bd0-4bec-a032-251abe9c8d44,Brainbox Ariba,6,Payment Completion,Payment Completion,,1
aa83fe80-94fc-4a39-a546-98fcdd98c128,2026-08-11T13:46:28.63,venkata.manisha@ext.dialog.lk,2026-08-11T13:46:28.63,venkata.manisha@ext.dialog.lk,STP-000284,NON_PO_TAX_LIAB_PAY_PAYORDER,,96999a76-1bd0-4bec-a032-251abe9c8d44,Brainbox Ariba,7,Update Pay Order deposit status,Update Pay Order deposit status,,1
5dedf430-26c4-41a9-893a-2392f9233f89,2026-08-11T04:29:31.984,venkata.manisha@ext.dialog.lk,2026-08-11T13:56:30.907,venkata.manisha@ext.dialog.lk,STP-000040,DIRECT_NON_PO_REIMB_LIAB,,96999a76-1bd0-4bec-a032-251abe9c8d44,Brainbox Ariba,2,Non-PO LoA Approval,Non-PO LoA Approval,,1
b6d7df75-0e7e-449b-bd8f-79009a497e6f,2026-08-11T04:28:55.366,venkata.manisha@ext.dialog.lk,2026-08-11T13:56:37.542,venkata.manisha@ext.dialog.lk,STP-000039,DIRECT_NON_PO_REIMB_LIAB,,96999a76-1bd0-4bec-a032-251abe9c8d44,Brainbox Ariba,1,User submits the request,Internal team user submits the request by selecting either reimbursement or others.  ,,1
b56154d1-1236-4310-ab5b-3e89dbcdd709,2026-08-11T04:30:37.411,venkata.manisha@ext.dialog.lk,2026-08-11T13:56:43.39,venkata.manisha@ext.dialog.lk,STP-000042,DIRECT_NON_PO_REIMB_LIAB,,96999a76-1bd0-4bec-a032-251abe9c8d44,Brainbox Ariba,4,Quality Check ,Quality Check ,,1
b7367717-74ac-45a5-98da-cd59edc0dde9,2026-08-11T04:30:03.623,venkata.manisha@ext.dialog.lk,2026-08-11T13:56:49.777,venkata.manisha@ext.dialog.lk,STP-000041,DIRECT_NON_PO_REIMB_LIAB,,96999a76-1bd0-4bec-a032-251abe9c8d44,Brainbox Ariba,3,IV Confirmation and Document Archiving	,IV Confirmation and Document Archiving	,,1
6c321410-09a2-4cb6-8242-f3de0489242b,2026-08-11T13:58:35.983,venkata.manisha@ext.dialog.lk,2026-08-11T13:58:35.983,venkata.manisha@ext.dialog.lk,STP-000285,DIRECT_NON_PO_REIMB_PAYMENT,,96999a76-1bd0-4bec-a032-251abe9c8d44,Brainbox Ariba,1,User submits the request,Internal team user submits the request by selecting either reimbursement or others. ,,1
a900aeaa-7a38-49aa-80b5-72fc807f44db,2026-08-11T13:58:57.55,venkata.manisha@ext.dialog.lk,2026-08-11T13:58:57.55,venkata.manisha@ext.dialog.lk,STP-000286,DIRECT_NON_PO_REIMB_PAYMENT,,96999a76-1bd0-4bec-a032-251abe9c8d44,Brainbox Ariba,2,Non-PO LoA Approval,Non-PO LoA Approval,,1
418fe84c-9897-4e94-939f-6edc7b41ac4e,2026-08-11T13:59:11.146,venkata.manisha@ext.dialog.lk,2026-08-11T13:59:11.146,venkata.manisha@ext.dialog.lk,STP-000287,DIRECT_NON_PO_REIMB_PAYMENT,,96999a76-1bd0-4bec-a032-251abe9c8d44,Brainbox Ariba,3,IV Confirmation and Document Archiving,IV Confirmation and Document Archiving,,1
4160909c-403e-4074-b68d-81afd42de27c,2026-08-11T13:59:34.591,venkata.manisha@ext.dialog.lk,2026-08-11T14:01:41.329,venkata.manisha@ext.dialog.lk,STP-000288,DIRECT_NON_PO_REIMB_PAYMENT,,96999a76-1bd0-4bec-a032-251abe9c8d44,Brainbox Ariba,4,Payment Run and Document Archiving,Payment Run and Document Archiving,,1
e14202ac-8af7-47d9-aeb2-1a53868e866a,2026-08-11T13:59:50.428,venkata.manisha@ext.dialog.lk,2026-08-11T14:02:05.335,venkata.manisha@ext.dialog.lk,STP-000289,DIRECT_NON_PO_REIMB_PAYMENT,,96999a76-1bd0-4bec-a032-251abe9c8d44,Brainbox Ariba,5,Quality Check ,Quality Check ,,1
1b4f6f21-91b5-4ac2-99a9-98ee8376541e,2026-08-11T14:00:02.717,venkata.manisha@ext.dialog.lk,2026-08-11T14:02:10.901,venkata.manisha@ext.dialog.lk,STP-000290,DIRECT_NON_PO_REIMB_PAYMENT,,96999a76-1bd0-4bec-a032-251abe9c8d44,Brainbox Ariba,6,Payment Completion,Payment Completion,,1
c9bd29cd-75bb-447e-a613-ea436bd1be9b,2026-08-12T04:26:50.568,venkata.manisha@ext.dialog.lk,2026-08-12T04:26:50.568,venkata.manisha@ext.dialog.lk,STP-000291,PO_BEFORE_INVOICE_NON_ADV_LIAB,,96999a76-1bd0-4bec-a032-251abe9c8d44,Brainbox Ariba,1,User submits the invoice and/or credit note with WHT certificate or reference,Internal user submits the invoice and/or credit note together with the WHT certificate or reference.,,1
0dbf6f4c-fb40-4458-9537-8ef2442e2be4,2026-08-12T04:27:48.691,venkata.manisha@ext.dialog.lk,2026-08-12T04:27:48.691,venkata.manisha@ext.dialog.lk,STP-000292,PO_BEFORE_INVOICE_NON_ADV_LIAB,,96999a76-1bd0-4bec-a032-251abe9c8d44,Brainbox Ariba,2,IV Confirmation and Document Archiving,IV Confirmation and Document Archiving,,1
37d57231-df5c-4d25-96c2-6a88b5a823d9,2026-08-12T04:28:02.973,venkata.manisha@ext.dialog.lk,2026-08-12T04:28:02.973,venkata.manisha@ext.dialog.lk,STP-000293,PO_BEFORE_INVOICE_NON_ADV_LIAB,,96999a76-1bd0-4bec-a032-251abe9c8d44,Brainbox Ariba,3,Quality Check,Quality Check,,1
9b2e594b-2c32-4701-97cb-1c0309dc7718,2026-08-12T04:29:07.118,venkata.manisha@ext.dialog.lk,2026-08-12T04:29:07.118,venkata.manisha@ext.dialog.lk,STP-000294,PO_AFTER_INVOICE_NON_ADV_LIAB,,96999a76-1bd0-4bec-a032-251abe9c8d44,Brainbox Ariba,1,User submits the invoice with WHT clearance or reference.,Internal user submits the invoice together with the WHT clearance or reference.,,1
2f83574c-fd4a-4f0b-a997-b3ba40fe2a6a,2026-08-12T04:29:43.172,venkata.manisha@ext.dialog.lk,2026-08-12T04:29:43.172,venkata.manisha@ext.dialog.lk,STP-000295,PO_AFTER_INVOICE_NON_ADV_LIAB,,96999a76-1bd0-4bec-a032-251abe9c8d44,Brainbox Ariba,2,IV Confirmation and Document Archiving,IV Confirmation and Document Archiving,,1
cb49dbcd-a753-45cc-ac26-782687d8a063,2026-08-12T04:29:58.9,venkata.manisha@ext.dialog.lk,2026-08-12T04:29:58.9,venkata.manisha@ext.dialog.lk,STP-000296,PO_AFTER_INVOICE_NON_ADV_LIAB,,96999a76-1bd0-4bec-a032-251abe9c8d44,Brainbox Ariba,3,Quality Check,Quality Check,,1
bb979d36-756d-457f-a54b-1f04fd957cf3,2026-08-11T07:43:16.27,venkata.manisha@ext.dialog.lk,2026-08-12T04:45:59.526,venkata.manisha@ext.dialog.lk,STP-000087,PO_AFTER_INVOICE_ADV_STLMT,,96999a76-1bd0-4bec-a032-251abe9c8d44,Brainbox Ariba,2,Quality Check,Quality Check,,1
f776adec-11c5-4ce0-8632-2b85dfc4ffaa,2026-08-11T07:43:45.424,venkata.manisha@ext.dialog.lk,2026-08-12T04:46:10.683,venkata.manisha@ext.dialog.lk,STP-000088,PO_AFTER_INVOICE_ADV_STLMT,,96999a76-1bd0-4bec-a032-251abe9c8d44,Brainbox Ariba,3,Payment Completion,Payment Completion,,1
f5438472-5f25-4d0c-829d-4159e7eff04e,2026-08-11T07:42:34.367,venkata.manisha@ext.dialog.lk,2026-08-12T04:46:18.246,venkata.manisha@ext.dialog.lk,STP-000086,PO_AFTER_INVOICE_ADV_STLMT,,96999a76-1bd0-4bec-a032-251abe9c8d44,Brainbox Ariba,1,Payment Run,Payment Run,,1
445aadae-6b5b-48dd-8211-638157001a2d,2026-08-11T07:34:32.534,venkata.manisha@ext.dialog.lk,2026-08-12T04:50:09.588,venkata.manisha@ext.dialog.lk,STP-000080,PO_BEFORE_INVOICE_ADV_STLMT,,96999a76-1bd0-4bec-a032-251abe9c8d44,Brainbox Ariba,1,Payment Run,Payment Run,,1
7637dd3a-d339-4619-8b0d-537fc16d2dcb,2026-08-11T07:35:28.964,venkata.manisha@ext.dialog.lk,2026-08-12T04:51:12.876,venkata.manisha@ext.dialog.lk,STP-000082,PO_BEFORE_INVOICE_ADV_STLMT,,96999a76-1bd0-4bec-a032-251abe9c8d44,Brainbox Ariba,3,Payment Completion,Payment Completion,,1
af68d670-4c19-445b-b038-1eee34c4bf85,2026-08-11T07:34:47.183,venkata.manisha@ext.dialog.lk,2026-08-12T04:51:17.111,venkata.manisha@ext.dialog.lk,STP-000081,PO_BEFORE_INVOICE_ADV_STLMT,,96999a76-1bd0-4bec-a032-251abe9c8d44,Brainbox Ariba,2,Quality Check,Quality Check,,1
df5961a8-5c6b-427e-a6d3-8178955da0e3,2026-08-11T07:33:42.818,venkata.manisha@ext.dialog.lk,2026-08-13T08:00:58.127,venkata.manisha@ext.dialog.lk,STP-000078,PO_BEFORE_INVOICE_ADV_100%STLM,,96999a76-1bd0-4bec-a032-251abe9c8d44,Brainbox Ariba,2,Quality Check,Quality Check,,1
81338870-ae82-454c-8528-29527b36569b,2026-08-11T07:33:08.409,venkata.manisha@ext.dialog.lk,2026-08-13T08:01:03.258,venkata.manisha@ext.dialog.lk,STP-000077,PO_BEFORE_INVOICE_ADV_100%STLM,,96999a76-1bd0-4bec-a032-251abe9c8d44,Brainbox Ariba,1,Document Archiving,Document Archiving,,1
45de85da-a6ab-4d06-aed3-d3937ee09a82,2026-08-11T07:34:08.665,venkata.manisha@ext.dialog.lk,2026-08-13T08:01:09.331,venkata.manisha@ext.dialog.lk,STP-000079,PO_BEFORE_INVOICE_ADV_100%STLM,,96999a76-1bd0-4bec-a032-251abe9c8d44,Brainbox Ariba,3,Payment Completion,I2P team will update with clearing doc number.,,1
dc9be70a-4105-482a-8691-7811a10d8380,2026-08-11T07:41:55.503,venkata.manisha@ext.dialog.lk,2026-08-13T08:07:06.656,venkata.manisha@ext.dialog.lk,STP-000085,PO_AFTER_INVOICE_ADV_100%STLMT,,96999a76-1bd0-4bec-a032-251abe9c8d44,Brainbox Ariba,3,Payment Completion,I2P team will update with clearing doc number.,,1
9fae866c-ed4c-4e18-8b20-a828037a976a,2026-08-11T07:40:48.213,venkata.manisha@ext.dialog.lk,2026-08-13T08:07:17.887,venkata.manisha@ext.dialog.lk,STP-000083,PO_AFTER_INVOICE_ADV_100%STLMT,,96999a76-1bd0-4bec-a032-251abe9c8d44,Brainbox Ariba,1,Document Archiving,Document Archiving,,1
309133ea-e759-4810-99e2-ba98eb93eace,2026-08-11T07:41:14.753,venkata.manisha@ext.dialog.lk,2026-08-13T08:07:30.342,venkata.manisha@ext.dialog.lk,STP-000084,PO_AFTER_INVOICE_ADV_100%STLMT,,96999a76-1bd0-4bec-a032-251abe9c8d44,Brainbox Ariba,2,Quality Check,Quality Check,,1
